Time,PACKAGED ROOFTOP AIR CONDITIONER:DesPer 1:Des Heat Mass Flow [kg/s],PACKAGED ROOFTOP AIR CONDITIONER:DesPer 1:Des Heat Cap [W],PACKAGED ROOFTOP AIR CONDITIONER:DesPer 1:Des Cool Mass Flow [kg/s],PACKAGED ROOFTOP AIR CONDITIONER:DesPer 1:Des Sens Cool Cap [W],PACKAGED ROOFTOP AIR CONDITIONER:DesPer 1:Des Tot Cool Cap [W],PACKAGED ROOFTOP AIR CONDITIONER:DesPer 2:Des Heat Mass Flow [kg/s],PACKAGED ROOFTOP AIR CONDITIONER:DesPer 2:Des Heat Cap [W],PACKAGED ROOFTOP AIR CONDITIONER:DesPer 2:Des Cool Mass Flow [kg/s],PACKAGED ROOFTOP AIR CONDITIONER:DesPer 2:Des Sens Cool Cap [W],PACKAGED ROOFTOP AIR CONDITIONER:DesPer 2:Des Tot Cool Cap [W],PACKAGED ROOFTOP AIR CONDITIONER 1:DesPer 1:Des Heat Mass Flow [kg/s],PACKAGED ROOFTOP AIR CONDITIONER 1:DesPer 1:Des Heat Cap [W],PACKAGED ROOFTOP AIR CONDITIONER 1:DesPer 1:Des Cool Mass Flow [kg/s],PACKAGED ROOFTOP AIR CONDITIONER 1:DesPer 1:Des Sens Cool Cap [W],PACKAGED ROOFTOP AIR CONDITIONER 1:DesPer 1:Des Tot Cool Cap [W],PACKAGED ROOFTOP AIR CONDITIONER 1:DesPer 2:Des Heat Mass Flow [kg/s],PACKAGED ROOFTOP AIR CONDITIONER 1:DesPer 2:Des Heat Cap [W],PACKAGED ROOFTOP AIR CONDITIONER 1:DesPer 2:Des Cool Mass Flow [kg/s],PACKAGED ROOFTOP AIR CONDITIONER 1:DesPer 2:Des Sens Cool Cap [W],PACKAGED ROOFTOP AIR CONDITIONER 1:DesPer 2:Des Tot Cool Cap [W],PACKAGED ROOFTOP AIR CONDITIONER 2:DesPer 1:Des Heat Mass Flow [kg/s],PACKAGED ROOFTOP AIR CONDITIONER 2:DesPer 1:Des Heat Cap [W],PACKAGED ROOFTOP AIR CONDITIONER 2:DesPer 1:Des Cool Mass Flow [kg/s],PACKAGED ROOFTOP AIR CONDITIONER 2:DesPer 1:Des Sens Cool Cap [W],PACKAGED ROOFTOP AIR CONDITIONER 2:DesPer 1:Des Tot Cool Cap [W],PACKAGED ROOFTOP AIR CONDITIONER 2:DesPer 2:Des Heat Mass Flow [kg/s],PACKAGED ROOFTOP AIR CONDITIONER 2:DesPer 2:Des Heat Cap [W],PACKAGED ROOFTOP AIR CONDITIONER 2:DesPer 2:Des Cool Mass Flow [kg/s],PACKAGED ROOFTOP AIR CONDITIONER 2:DesPer 2:Des Sens Cool Cap [W],PACKAGED ROOFTOP AIR CONDITIONER 2:DesPer 2:Des Tot Cool Cap [W],PACKAGED ROOFTOP AIR CONDITIONER 3:DesPer 1:Des Heat Mass Flow [kg/s],PACKAGED ROOFTOP AIR CONDITIONER 3:DesPer 1:Des Heat Cap [W],PACKAGED ROOFTOP AIR CONDITIONER 3:DesPer 1:Des Cool Mass Flow [kg/s],PACKAGED ROOFTOP AIR CONDITIONER 3:DesPer 1:Des Sens Cool Cap [W],PACKAGED ROOFTOP AIR CONDITIONER 3:DesPer 1:Des Tot Cool Cap [W],PACKAGED ROOFTOP AIR CONDITIONER 3:DesPer 2:Des Heat Mass Flow [kg/s],PACKAGED ROOFTOP AIR CONDITIONER 3:DesPer 2:Des Heat Cap [W],PACKAGED ROOFTOP AIR CONDITIONER 3:DesPer 2:Des Cool Mass Flow [kg/s],PACKAGED ROOFTOP AIR CONDITIONER 3:DesPer 2:Des Sens Cool Cap [W],PACKAGED ROOFTOP AIR CONDITIONER 3:DesPer 2:Des Tot Cool Cap [W],PACKAGED ROOFTOP AIR CONDITIONER 4:DesPer 1:Des Heat Mass Flow [kg/s],PACKAGED ROOFTOP AIR CONDITIONER 4:DesPer 1:Des Heat Cap [W],PACKAGED ROOFTOP AIR CONDITIONER 4:DesPer 1:Des Cool Mass Flow [kg/s],PACKAGED ROOFTOP AIR CONDITIONER 4:DesPer 1:Des Sens Cool Cap [W],PACKAGED ROOFTOP AIR CONDITIONER 4:DesPer 1:Des Tot Cool Cap [W],PACKAGED ROOFTOP AIR CONDITIONER 4:DesPer 2:Des Heat Mass Flow [kg/s],PACKAGED ROOFTOP AIR CONDITIONER 4:DesPer 2:Des Heat Cap [W],PACKAGED ROOFTOP AIR CONDITIONER 4:DesPer 2:Des Cool Mass Flow [kg/s],PACKAGED ROOFTOP AIR CONDITIONER 4:DesPer 2:Des Sens Cool Cap [W],PACKAGED ROOFTOP AIR CONDITIONER 4:DesPer 2:Des Tot Cool Cap [W]
00:10:00,6.344891E-02,1.172112E+03,4.000860E-01,3.544295E+03,5.059905E+02,9.634121E-02,5.605258E+03,6.344891E-02,0.000000E+00,0.000000E+00,4.809838E-02,8.885369E+02,3.002003E-01,2.659425E+03,3.796646E+02,2.612928E-01,1.520236E+04,4.809838E-02,0.000000E+00,0.000000E+00,2.853258E-02,5.270915E+02,1.802045E-01,1.596402E+03,2.279054E+02,1.633103E-01,9.501606E+03,2.853258E-02,0.000000E+00,0.000000E+00,4.809838E-02,8.885369E+02,2.997854E-01,2.655749E+03,3.791399E+02,2.626528E-01,1.528148E+04,4.809838E-02,0.000000E+00,0.000000E+00,2.853258E-02,5.270915E+02,1.912064E-01,1.693866E+03,2.418196E+02,1.633103E-01,9.501606E+03,2.853258E-02,0.000000E+00,0.000000E+00
00:20:00,6.344891E-02,1.181548E+03,3.990172E-01,3.475486E+03,4.444761E+02,9.634147E-02,5.605273E+03,6.344891E-02,0.000000E+00,0.000000E+00,4.809838E-02,8.956900E+02,2.979594E-01,2.595260E+03,3.319050E+02,2.612936E-01,1.520240E+04,4.809838E-02,0.000000E+00,0.000000E+00,2.853258E-02,5.313348E+02,1.787314E-01,1.556771E+03,1.990937E+02,1.633108E-01,9.501635E+03,2.853258E-02,0.000000E+00,0.000000E+00,4.809838E-02,8.956900E+02,2.975207E-01,2.591439E+03,3.314164E+02,2.626536E-01,1.528153E+04,4.809838E-02,0.000000E+00,0.000000E+00,2.853258E-02,5.313348E+02,1.892469E-01,1.648362E+03,2.108073E+02,1.633108E-01,9.501635E+03,2.853258E-02,0.000000E+00,0.000000E+00
00:30:00,6.344891E-02,1.190984E+03,3.979848E-01,3.407305E+03,3.833253E+02,9.634171E-02,5.605287E+03,6.344891E-02,0.000000E+00,0.000000E+00,4.809838E-02,9.028432E+02,2.957882E-01,2.532360E+03,2.848930E+02,2.612943E-01,1.520244E+04,4.809838E-02,0.000000E+00,0.000000E+00,2.853258E-02,5.355782E+02,1.773024E-01,1.517956E+03,1.707715E+02,1.633113E-01,9.501664E+03,2.853258E-02,0.000000E+00,0.000000E+00,4.809838E-02,9.028432E+02,2.953294E-01,2.528432E+03,2.844512E+02,2.626543E-01,1.528157E+04,4.809838E-02,0.000000E+00,0.000000E+00,2.853258E-02,5.355782E+02,1.873571E-01,1.604038E+03,1.804559E+02,1.633113E-01,9.501664E+03,2.853258E-02,0.000000E+00,0.000000E+00
00:40:00,6.344891E-02,1.200420E+03,3.969873E-01,3.339726E+03,3.225146E+02,9.634194E-02,5.605301E+03,6.344891E-02,0.000000E+00,0.000000E+00,4.809838E-02,9.099963E+02,2.936851E-01,2.470678E+03,2.385914E+02,2.612950E-01,1.520248E+04,4.809838E-02,0.000000E+00,0.000000E+00,2.853258E-02,5.398215E+02,1.759162E-01,1.479926E+03,1.429152E+02,1.633117E-01,9.501691E+03,2.853258E-02,0.000000E+00,0.000000E+00,4.809838E-02,9.099963E+02,2.932095E-01,2.466677E+03,2.382050E+02,2.626550E-01,1.528161E+04,4.809838E-02,0.000000E+00,0.000000E+00,2.853258E-02,5.398215E+02,1.855327E-01,1.560827E+03,1.507278E+02,1.633117E-01,9.501691E+03,2.853258E-02,0.000000E+00,0.000000E+00
00:50:00,6.344891E-02,1.209856E+03,3.960239E-01,3.272725E+03,2.620212E+02,9.634217E-02,5.605314E+03,6.344891E-02,0.000000E+00,0.000000E+00,4.809838E-02,9.171495E+02,2.916492E-01,2.410176E+03,1.929637E+02,2.612956E-01,1.520252E+04,4.809838E-02,0.000000E+00,0.000000E+00,2.853258E-02,5.440649E+02,1.745717E-01,1.442653E+03,1.155018E+02,1.633122E-01,9.501717E+03,2.853258E-02,0.000000E+00,0.000000E+00,4.809838E-02,9.171495E+02,2.911597E-01,2.406131E+03,1.926399E+02,2.626557E-01,1.528165E+04,4.809838E-02,0.000000E+00,0.000000E+00,2.853258E-02,5.440649E+02,1.837699E-01,1.518667E+03,1.215876E+02,1.633122E-01,9.501717E+03,2.853258E-02,0.000000E+00,0.000000E+00
01:00:00,6.344891E-02,1.219292E+03,3.950955E-01,3.206294E+03,2.018425E+02,9.634238E-02,5.605326E+03,6.344891E-02,0.000000E+00,0.000000E+00,4.809838E-02,9.243026E+02,2.896804E-01,2.350826E+03,1.479891E+02,2.612963E-01,1.520256E+04,4.809838E-02,0.000000E+00,0.000000E+00,2.853258E-02,5.483082E+02,1.732683E-01,1.406114E+03,8.851759E+01,1.633126E-01,9.501742E+03,2.853258E-02,0.000000E+00,0.000000E+00,4.809838E-02,9.243026E+02,2.891801E-01,2.346765E+03,1.477334E+02,2.626564E-01,1.528169E+04,4.809838E-02,0.000000E+00,0.000000E+00,2.853258E-02,5.483082E+02,1.820656E-01,1.477505E+03,9.301184E+01,1.633126E-01,9.501742E+03,2.853258E-02,0.000000E+00,0.000000E+00
01:10:00,6.344891E-02,1.225583E+03,3.945536E-01,3.162778E+03,1.619104E+02,9.634259E-02,5.605338E+03,6.344891E-02,0.000000E+00,0.000000E+00,4.809838E-02,9.290714E+02,2.880756E-01,2.309240E+03,1.182157E+02,2.612969E-01,1.520260E+04,4.809838E-02,0.000000E+00,0.000000E+00,2.853258E-02,5.511371E+02,1.721815E-01,1.380222E+03,7.065698E+01,1.633130E-01,9.501766E+03,2.853258E-02,0.000000E+00,0.000000E+00,4.809838E-02,9.290714E+02,2.875678E-01,2.305170E+03,1.180073E+02,2.626570E-01,1.528173E+04,4.809838E-02,0.000000E+00,0.000000E+00,2.853258E-02,5.511371E+02,1.805932E-01,1.447652E+03,7.410885E+01,1.633130E-01,9.501766E+03,2.853258E-02,0.000000E+00,0.000000E+00
01:20:00,6.344891E-02,1.231874E+03,3.940381E-01,3.119578E+03,1.220959E+02,9.634279E-02,5.605350E+03,6.344891E-02,0.000000E+00,0.000000E+00,4.809838E-02,9.338401E+02,2.865578E-01,2.268662E+03,8.879224E+01,2.612975E-01,1.520263E+04,4.809838E-02,0.000000E+00,0.000000E+00,2.853258E-02,5.539660E+02,1.711524E-01,1.355004E+03,5.303296E+01,1.633134E-01,9.501790E+03,2.853258E-02,0.000000E+00,0.000000E+00,4.809838E-02,9.338401E+02,2.860401E-01,2.264564E+03,8.863184E+01,2.626576E-01,1.528176E+04,4.809838E-02,0.000000E+00,0.000000E+00,2.853258E-02,5.539660E+02,1.791911E-01,1.418647E+03,5.552382E+01,1.633134E-01,9.501790E+03,2.853258E-02,0.000000E+00,0.000000E+00
01:30:00,6.344891E-02,1.238165E+03,3.935498E-01,3.076693E+03,8.238442E+01,9.634298E-02,5.605361E+03,6.344891E-02,0.000000E+00,0.000000E+00,4.809838E-02,9.386089E+02,2.851158E-01,2.228978E+03,5.968522E+01,2.612981E-01,1.520266E+04,4.809838E-02,0.000000E+00,0.000000E+00,2.853258E-02,5.567949E+02,1.701815E-01,1.330445E+03,3.562523E+01,1.633138E-01,9.501812E+03,2.853258E-02,0.000000E+00,0.000000E+00,4.809838E-02,9.386089E+02,2.845891E-01,2.224861E+03,5.957495E+01,2.626582E-01,1.528180E+04,4.809838E-02,0.000000E+00,0.000000E+00,2.853258E-02,5.567949E+02,1.778557E-01,1.390441E+03,3.723174E+01,1.633138E-01,9.501812E+03,2.853258E-02,0.000000E+00,0.000000E+00
01:40:00,6.344891E-02,1.244455E+03,3.930710E-01,3.033979E+03,4.277881E+01,9.634317E-02,5.605372E+03,6.344891E-02,0.000000E+00,0.000000E+00,4.809838E-02,9.433777E+02,2.837449E-01,2.190128E+03,3.088060E+01,2.612986E-01,1.520270E+04,4.809838E-02,0.000000E+00,0.000000E+00,2.853258E-02,5.596238E+02,1.692654E-01,1.306501E+03,1.842154E+01,1.633142E-01,9.501834E+03,2.853258E-02,0.000000E+00,0.000000E+00,4.809838E-02,9.433777E+02,2.832135E-01,2.186027E+03,3.082276E+01,2.626588E-01,1.528183E+04,4.809838E-02,0.000000E+00,0.000000E+00,2.853258E-02,5.596238E+02,1.765851E-01,1.363000E+03,1.921816E+01,1.633142E-01,9.501834E+03,2.853258E-02,0.000000E+00,0.000000E+00
01:50:00,6.344891E-02,1.250746E+03,3.925941E-01,2.991374E+03,3.269012E+00,9.634335E-02,5.605383E+03,6.344891E-02,0.000000E+00,0.000000E+00,4.809838E-02,9.481464E+02,2.824322E-01,2.151994E+03,2.351727E+00,2.612992E-01,1.520273E+04,4.809838E-02,0.000000E+00,0.000000E+00,2.853258E-02,5.624527E+02,1.683990E-01,1.283117E+03,1.402207E+00,1.633146E-01,9.501855E+03,2.853258E-02,0.000000E+00,0.000000E+00,4.809838E-02,9.481464E+02,2.818982E-01,2.147926E+03,2.347281E+00,2.626593E-01,1.528187E+04,4.809838E-02,0.000000E+00,0.000000E+00,2.853258E-02,5.624527E+02,1.753779E-01,1.336294E+03,1.460319E+00,1.633146E-01,9.501855E+03,2.853258E-02,0.000000E+00,0.000000E+00
02:00:00,6.344891E-02,1.257037E+03,3.921093E-01,2.948804E+03,0.000000E+00,9.634353E-02,5.605393E+03,6.344891E-02,0.000000E+00,0.000000E+00,4.809838E-02,9.529152E+02,2.811720E-01,2.114515E+03,0.000000E+00,2.612997E-01,1.520276E+04,4.809838E-02,0.000000E+00,0.000000E+00,2.853258E-02,5.652816E+02,1.675717E-01,1.260200E+03,0.000000E+00,1.633149E-01,9.501876E+03,2.853258E-02,0.000000E+00,0.000000E+00,4.809838E-02,9.529152E+02,2.806377E-01,2.110497E+03,0.000000E+00,2.626599E-01,1.528190E+04,4.809838E-02,0.000000E+00,0.000000E+00,2.853258E-02,5.652816E+02,1.742330E-01,1.310295E+03,0.000000E+00,1.633149E-01,9.501876E+03,2.853258E-02,0.000000E+00,0.000000E+00
02:10:00,6.344891E-02,1.261755E+03,3.916181E-01,2.915989E+03,0.000000E+00,9.634370E-02,5.605403E+03,6.344891E-02,0.000000E+00,0.000000E+00,4.809838E-02,9.564918E+02,2.799379E-01,2.084418E+03,0.000000E+00,2.613002E-01,1.520279E+04,4.809838E-02,0.000000E+00,0.000000E+00,2.853258E-02,5.674032E+02,1.667665E-01,1.241744E+03,0.000000E+00,1.633153E-01,9.501896E+03,2.853258E-02,0.000000E+00,0.000000E+00,4.809838E-02,9.564918E+02,2.794051E-01,2.080451E+03,0.000000E+00,2.626604E-01,1.528193E+04,4.809838E-02,0.000000E+00,0.000000E+00,2.853258E-02,5.674032E+02,1.731365E-01,1.289175E+03,0.000000E+00,1.633153E-01,9.501896E+03,2.853258E-02,0.000000E+00,0.000000E+00
02:20:00,6.344891E-02,1.266473E+03,3.911211E-01,2.883205E+03,0.000000E+00,9.634386E-02,5.605412E+03,6.344891E-02,0.000000E+00,0.000000E+00,4.809838E-02,9.600683E+02,2.787376E-01,2.054754E+03,0.000000E+00,2.613007E-01,1.520282E+04,4.809838E-02,0.000000E+00,0.000000E+00,2.853258E-02,5.695249E+02,1.659793E-01,1.223540E+03,0.000000E+00,1.633156E-01,9.501915E+03,2.853258E-02,0.000000E+00,0.000000E+00,4.809838E-02,9.600683E+02,2.782160E-01,2.050909E+03,0.000000E+00,2.626609E-01,1.528196E+04,4.809838E-02,0.000000E+00,0.000000E+00,2.853258E-02,5.695249E+02,1.720878E-01,1.268570E+03,0.000000E+00,1.633156E-01,9.501915E+03,2.853258E-02,0.000000E+00,0.000000E+00
02:30:00,6.344891E-02,1.271191E+03,3.906100E-01,2.850392E+03,0.000000E+00,9.634402E-02,5.605422E+03,6.344891E-02,0.000000E+00,0.000000E+00,4.809838E-02,9.636449E+02,2.775884E-01,2.025641E+03,0.000000E+00,2.613012E-01,1.520285E+04,4.809838E-02,0.000000E+00,0.000000E+00,2.853258E-02,5.716466E+02,1.652059E-01,1.205554E+03,0.000000E+00,1.633159E-01,9.501934E+03,2.853258E-02,0.000000E+00,0.000000E+00,4.809838E-02,9.636449E+02,2.770727E-01,2.021878E+03,0.000000E+00,2.626614E-01,1.528199E+04,4.809838E-02,0.000000E+00,0.000000E+00,2.853258E-02,5.716466E+02,1.710868E-01,1.248469E+03,0.000000E+00,1.633159E-01,9.501934E+03,2.853258E-02,0.000000E+00,0.000000E+00
02:40:00,6.344891E-02,1.275909E+03,3.900969E-01,2.817640E+03,0.000000E+00,9.634418E-02,5.605431E+03,6.344891E-02,0.000000E+00,0.000000E+00,4.809838E-02,9.672215E+02,2.764688E-01,1.996913E+03,0.000000E+00,2.613017E-01,1.520287E+04,4.809838E-02,0.000000E+00,0.000000E+00,2.853258E-02,5.737682E+02,1.644473E-01,1.187790E+03,0.000000E+00,1.633162E-01,9.501952E+03,2.853258E-02,0.000000E+00,0.000000E+00,4.809838E-02,9.672215E+02,2.759531E-01,1.993188E+03,0.000000E+00,2.626619E-01,1.528201E+04,4.809838E-02,0.000000E+00,0.000000E+00,2.853258E-02,5.737682E+02,1.701338E-01,1.228863E+03,0.000000E+00,1.633162E-01,9.501952E+03,2.853258E-02,0.000000E+00,0.000000E+00
02:50:00,6.344891E-02,1.280627E+03,3.895843E-01,2.784969E+03,0.000000E+00,9.634433E-02,5.605439E+03,6.344891E-02,0.000000E+00,0.000000E+00,4.809838E-02,9.707981E+02,2.753831E-01,1.968593E+03,0.000000E+00,2.613021E-01,1.520290E+04,4.809838E-02,0.000000E+00,0.000000E+00,2.853258E-02,5.758899E+02,1.637081E-01,1.170278E+03,0.000000E+00,1.633165E-01,9.501970E+03,2.853258E-02,0.000000E+00,0.000000E+00,4.809838E-02,9.707981E+02,2.748651E-01,1.964891E+03,0.000000E+00,2.626624E-01,1.528204E+04,4.809838E-02,0.000000E+00,0.000000E+00,2.853258E-02,5.758899E+02,1.692299E-01,1.209751E+03,0.000000E+00,1.633165E-01,9.501970E+03,2.853258E-02,0.000000E+00,0.000000E+00
03:00:00,6.344891E-02,1.285345E+03,3.890762E-01,2.752405E+03,0.000000E+00,9.634448E-02,5.605448E+03,6.344891E-02,0.000000E+00,0.000000E+00,4.809838E-02,9.743746E+02,2.743246E-01,1.940628E+03,0.000000E+00,2.613026E-01,1.520293E+04,4.809838E-02,0.000000E+00,0.000000E+00,2.853258E-02,5.780116E+02,1.630003E-01,1.153097E+03,0.000000E+00,1.633168E-01,9.501987E+03,2.853258E-02,0.000000E+00,0.000000E+00,4.809838E-02,9.743746E+02,2.737995E-01,1.936914E+03,0.000000E+00,2.626628E-01,1.528207E+04,4.809838E-02,0.000000E+00,0.000000E+00,2.853258E-02,5.780116E+02,1.683803E-01,1.191157E+03,0.000000E+00,1.633168E-01,9.501987E+03,2.853258E-02,0.000000E+00,0.000000E+00
03:10:00,6.344891E-02,1.290063E+03,3.885749E-01,2.719964E+03,0.000000E+00,9.634462E-02,5.605456E+03,6.344891E-02,0.000000E+00,0.000000E+00,4.809838E-02,9.779512E+02,2.732638E-01,1.912804E+03,0.000000E+00,2.613030E-01,1.520295E+04,4.809838E-02,0.000000E+00,0.000000E+00,2.853258E-02,5.801332E+02,1.623139E-01,1.136172E+03,0.000000E+00,1.633171E-01,9.502004E+03,2.853258E-02,0.000000E+00,0.000000E+00,4.809838E-02,9.779512E+02,2.727281E-01,1.909054E+03,0.000000E+00,2.626633E-01,1.528209E+04,4.809838E-02,0.000000E+00,0.000000E+00,2.853258E-02,5.801332E+02,1.675540E-01,1.172852E+03,0.000000E+00,1.633171E-01,9.502004E+03,2.853258E-02,0.000000E+00,0.000000E+00
03:20:00,6.344891E-02,1.294781E+03,3.880847E-01,2.687675E+03,0.000000E+00,9.634476E-02,5.605465E+03,6.344891E-02,0.000000E+00,0.000000E+00,4.809838E-02,9.815278E+02,2.721927E-01,1.885066E+03,0.000000E+00,2.613034E-01,1.520298E+04,4.809838E-02,0.000000E+00,0.000000E+00,2.853258E-02,5.822549E+02,1.616459E-01,1.119476E+03,0.000000E+00,1.633174E-01,9.502020E+03,2.853258E-02,0.000000E+00,0.000000E+00,4.809838E-02,9.815278E+02,2.716405E-01,1.881242E+03,0.000000E+00,2.626637E-01,1.528212E+04,4.809838E-02,0.000000E+00,0.000000E+00,2.853258E-02,5.822549E+02,1.667443E-01,1.154785E+03,0.000000E+00,1.633174E-01,9.502020E+03,2.853258E-02,0.000000E+00,0.000000E+00
03:30:00,6.344891E-02,1.299499E+03,3.876006E-01,2.655500E+03,0.000000E+00,9.634490E-02,5.605473E+03,6.344891E-02,0.000000E+00,0.000000E+00,4.809838E-02,9.851044E+02,2.710945E-01,1.857303E+03,0.000000E+00,2.613038E-01,1.520300E+04,4.809838E-02,0.000000E+00,0.000000E+00,2.853258E-02,5.843766E+02,1.609844E-01,1.102924E+03,0.000000E+00,1.633177E-01,9.502036E+03,2.853258E-02,0.000000E+00,0.000000E+00,4.809838E-02,9.851044E+02,2.705317E-01,1.853447E+03,0.000000E+00,2.626641E-01,1.528214E+04,4.809838E-02,0.000000E+00,0.000000E+00,2.853258E-02,5.843766E+02,1.659462E-01,1.136918E+03,0.000000E+00,1.633177E-01,9.502036E+03,2.853258E-02,0.000000E+00,0.000000E+00
03:40:00,6.344891E-02,1.304217E+03,3.871228E-01,2.623441E+03,0.000000E+00,9.634503E-02,5.605480E+03,6.344891E-02,0.000000E+00,0.000000E+00,4.809838E-02,9.886809E+02,2.699854E-01,1.829628E+03,0.000000E+00,2.613042E-01,1.520302E+04,4.809838E-02,0.000000E+00,0.000000E+00,2.853258E-02,5.864983E+02,1.603243E-01,1.086481E+03,0.000000E+00,1.633179E-01,9.502051E+03,2.853258E-02,0.000000E+00,0.000000E+00,4.809838E-02,9.886809E+02,2.694142E-01,1.825757E+03,0.000000E+00,2.626645E-01,1.528217E+04,4.809838E-02,0.000000E+00,0.000000E+00,2.853258E-02,5.864983E+02,1.651553E-01,1.119219E+03,0.000000E+00,1.633179E-01,9.502051E+03,2.853258E-02,0.000000E+00,0.000000E+00
03:50:00,6.344891E-02,1.308935E+03,3.866479E-01,2.591471E+03,0.000000E+00,9.634516E-02,5.605488E+03,6.344891E-02,0.000000E+00,0.000000E+00,4.809838E-02,9.922575E+02,2.688648E-01,1.802042E+03,0.000000E+00,2.613046E-01,1.520305E+04,4.809838E-02,0.000000E+00,0.000000E+00,2.853258E-02,5.886199E+02,1.596603E-01,1.070108E+03,0.000000E+00,1.633182E-01,9.502067E+03,2.853258E-02,0.000000E+00,0.000000E+00,4.809838E-02,9.922575E+02,2.682862E-01,1.798163E+03,0.000000E+00,2.626649E-01,1.528219E+04,4.809838E-02,0.000000E+00,0.000000E+00,2.853258E-02,5.886199E+02,1.643669E-01,1.101654E+03,0.000000E+00,1.633182E-01,9.502067E+03,2.853258E-02,0.000000E+00,0.000000E+00
04:00:00,6.344891E-02,1.313653E+03,3.861747E-01,2.559584E+03,0.000000E+00,9.634529E-02,5.605496E+03,6.344891E-02,0.000000E+00,0.000000E+00,4.809838E-02,9.958341E+02,2.677362E-01,1.774568E+03,0.000000E+00,2.613050E-01,1.520307E+04,4.809838E-02,0.000000E+00,0.000000E+00,2.853258E-02,5.907416E+02,1.589847E-01,1.053758E+03,0.000000E+00,1.633184E-01,9.502081E+03,2.853258E-02,0.000000E+00,0.000000E+00,4.809838E-02,9.958341E+02,2.671533E-01,1.770705E+03,0.000000E+00,2.626653E-01,1.528221E+04,4.809838E-02,0.000000E+00,0.000000E+00,2.853258E-02,5.907416E+02,1.635737E-01,1.084174E+03,0.000000E+00,1.633184E-01,9.502081E+03,2.853258E-02,0.000000E+00,0.000000E+00
04:10:00,6.344891E-02,1.316798E+03,3.857011E-01,2.537324E+03,0.000000E+00,9.634542E-02,5.605503E+03,6.344891E-02,0.000000E+00,0.000000E+00,4.809838E-02,9.982185E+02,2.666251E-01,1.753987E+03,0.000000E+00,2.613054E-01,1.520309E+04,4.809838E-02,0.000000E+00,0.000000E+00,2.853258E-02,5.921560E+02,1.583065E-01,1.041415E+03,0.000000E+00,1.633187E-01,9.502096E+03,2.853258E-02,0.000000E+00,0.000000E+00,4.809838E-02,9.982185E+02,2.660395E-01,1.750134E+03,0.000000E+00,2.626657E-01,1.528224E+04,4.809838E-02,0.000000E+00,0.000000E+00,2.853258E-02,5.921560E+02,1.628050E-01,1.071008E+03,0.000000E+00,1.633187E-01,9.502096E+03,2.853258E-02,0.000000E+00,0.000000E+00
04:20:00,6.344891E-02,1.319944E+03,3.852231E-01,2.515084E+03,0.000000E+00,9.634554E-02,5.605510E+03,6.344891E-02,0.000000E+00,0.000000E+00,4.809838E-02,1.000603E+03,2.655332E-01,1.733640E+03,0.000000E+00,2.613057E-01,1.520311E+04,4.809838E-02,0.000000E+00,0.000000E+00,2.853258E-02,5.935705E+02,1.576271E-01,1.029132E+03,0.000000E+00,1.633189E-01,9.502109E+03,2.853258E-02,0.000000E+00,0.000000E+00,4.809838E-02,1.000603E+03,2.649464E-01,1.729809E+03,0.000000E+00,2.626661E-01,1.528226E+04,4.809838E-02,0.000000E+00,0.000000E+00,2.853258E-02,5.935705E+02,1.620611E-01,1.058081E+03,0.000000E+00,1.633189E-01,9.502109E+03,2.853258E-02,0.000000E+00,0.000000E+00
04:30:00,6.344891E-02,1.323089E+03,3.847468E-01,2.492901E+03,0.000000E+00,9.634566E-02,5.605517E+03,6.344891E-02,0.000000E+00,0.000000E+00,4.809838E-02,1.002987E+03,2.644615E-01,1.713533E+03,0.000000E+00,2.613061E-01,1.520313E+04,4.809838E-02,0.000000E+00,0.000000E+00,2.853258E-02,5.949849E+02,1.569564E-01,1.016972E+03,0.000000E+00,1.633192E-01,9.502123E+03,2.853258E-02,0.000000E+00,0.000000E+00,4.809838E-02,1.002987E+03,2.638746E-01,1.709730E+03,0.000000E+00,2.626665E-01,1.528228E+04,4.809838E-02,0.000000E+00,0.000000E+00,2.853258E-02,5.949849E+02,1.613449E-01,1.045407E+03,0.000000E+00,1.633192E-01,9.502123E+03,2.853258E-02,0.000000E+00,0.000000E+00
04:40:00,6.344891E-02,1.326234E+03,3.842699E-01,2.470762E+03,0.000000E+00,9.634578E-02,5.605524E+03,6.344891E-02,0.000000E+00,0.000000E+00,4.809838E-02,1.005372E+03,2.634132E-01,1.693682E+03,0.000000E+00,2.613064E-01,1.520315E+04,4.809838E-02,0.000000E+00,0.000000E+00,2.853258E-02,5.963994E+02,1.562969E-01,1.004951E+03,0.000000E+00,1.633194E-01,9.502136E+03,2.853258E-02,0.000000E+00,0.000000E+00,4.809838E-02,1.005372E+03,2.628279E-01,1.689919E+03,0.000000E+00,2.626668E-01,1.528230E+04,4.809838E-02,0.000000E+00,0.000000E+00,2.853258E-02,5.963994E+02,1.606565E-01,1.032982E+03,0.000000E+00,1.633194E-01,9.502136E+03,2.853258E-02,0.000000E+00,0.000000E+00
04:50:00,6.344891E-02,1.329380E+03,3.837954E-01,2.448685E+03,0.000000E+00,9.634589E-02,5.605530E+03,6.344891E-02,0.000000E+00,0.000000E+00,4.809838E-02,1.007756E+03,2.623903E-01,1.674098E+03,0.000000E+00,2.613068E-01,1.520317E+04,4.809838E-02,0.000000E+00,0.000000E+00,2.853258E-02,5.978138E+02,1.556506E-01,9.930790E+02,0.000000E+00,1.633196E-01,9.502149E+03,2.853258E-02,0.000000E+00,0.000000E+00,4.809838E-02,1.007756E+03,2.618076E-01,1.670380E+03,0.000000E+00,2.626671E-01,1.528232E+04,4.809838E-02,0.000000E+00,0.000000E+00,2.853258E-02,5.978138E+02,1.599969E-01,1.020809E+03,0.000000E+00,1.633196E-01,9.502149E+03,2.853258E-02,0.000000E+00,0.000000E+00
05:00:00,6.344891E-02,1.332525E+03,3.833262E-01,2.426688E+03,0.000000E+00,9.634600E-02,5.605537E+03,6.344891E-02,0.000000E+00,0.000000E+00,4.809838E-02,1.010140E+03,2.615507E-01,1.655775E+03,0.000000E+00,2.613071E-01,1.520319E+04,4.809838E-02,0.000000E+00,0.000000E+00,2.853258E-02,5.992283E+02,1.553601E-01,9.835241E+02,0.000000E+00,1.633198E-01,9.502162E+03,2.853258E-02,0.000000E+00,0.000000E+00,4.809838E-02,1.010140E+03,2.611938E-01,1.653516E+03,0.000000E+00,2.626675E-01,1.528234E+04,4.809838E-02,0.000000E+00,0.000000E+00,2.853258E-02,5.992283E+02,1.594386E-01,1.009343E+03,0.000000E+00,1.633198E-01,9.502162E+03,2.853258E-02,0.000000E+00,0.000000E+00
05:10:00,6.344891E-02,1.329380E+03,3.828763E-01,2.442821E+03,0.000000E+00,9.634611E-02,5.605543E+03,6.344891E-02,0.000000E+00,0.000000E+00,4.809838E-02,1.007756E+03,2.609879E-01,1.665151E+03,0.000000E+00,2.613074E-01,1.520321E+04,4.809838E-02,0.000000E+00,0.000000E+00,2.853258E-02,5.978138E+02,1.559754E-01,9.951512E+02,0.000000E+00,1.633200E-01,9.502174E+03,2.853258E-02,0.000000E+00,0.000000E+00,4.809838E-02,1.007756E+03,2.614761E-01,1.668265E+03,0.000000E+00,2.626678E-01,1.528236E+04,4.809838E-02,0.000000E+00,0.000000E+00,2.853258E-02,5.978138E+02,1.590278E-01,1.014626E+03,0.000000E+00,1.633200E-01,9.502174E+03,2.853258E-02,0.000000E+00,0.000000E+00
05:20:00,6.344891E-02,1.326234E+03,3.824733E-01,2.459210E+03,0.000000E+00,9.634622E-02,5.605550E+03,6.344891E-02,0.000000E+00,0.000000E+00,4.809838E-02,1.005372E+03,2.607275E-01,1.676414E+03,0.000000E+00,2.613077E-01,1.520323E+04,4.809838E-02,0.000000E+00,0.000000E+00,2.853258E-02,5.963994E+02,1.573791E-01,1.011909E+03,0.000000E+00,1.633202E-01,9.502186E+03,2.853258E-02,0.000000E+00,0.000000E+00,4.809838E-02,1.005372E+03,2.624294E-01,1.687356E+03,0.000000E+00,2.626681E-01,1.528238E+04,4.809838E-02,0.000000E+00,0.000000E+00,2.853258E-02,5.963994E+02,1.587735E-01,1.020875E+03,0.000000E+00,1.633202E-01,9.502186E+03,2.853258E-02,0.000000E+00,0.000000E+00
05:30:00,6.344891E-02,1.323089E+03,3.821459E-01,2.476049E+03,0.000000E+00,9.634633E-02,5.605556E+03,6.344891E-02,0.000000E+00,0.000000E+00,4.809838E-02,1.002987E+03,2.608392E-01,1.690063E+03,0.000000E+00,2.613080E-01,1.520324E+04,4.809838E-02,0.000000E+00,0.000000E+00,2.853258E-02,5.949849E+02,1.602293E-01,1.038178E+03,0.000000E+00,1.633204E-01,9.502197E+03,2.853258E-02,0.000000E+00,0.000000E+00,4.809838E-02,1.002987E+03,2.642868E-01,1.712401E+03,0.000000E+00,2.626684E-01,1.528239E+04,4.809838E-02,0.000000E+00,0.000000E+00,2.853258E-02,5.949849E+02,1.587042E-01,1.028297E+03,0.000000E+00,1.633204E-01,9.502197E+03,2.853258E-02,0.000000E+00,0.000000E+00
05:40:00,6.344891E-02,1.319944E+03,3.819040E-01,2.493413E+03,0.000000E+00,9.634643E-02,5.605562E+03,6.344891E-02,0.000000E+00,0.000000E+00,4.809838E-02,1.000603E+03,2.611053E-01,1.704731E+03,0.000000E+00,2.613083E-01,1.520326E+04,4.809838E-02,0.000000E+00,0.000000E+00,2.853258E-02,5.935705E+02,1.644549E-01,1.073710E+03,0.000000E+00,1.633206E-01,9.502209E+03,2.853258E-02,0.000000E+00,0.000000E+00,4.809838E-02,1.000603E+03,2.667293E-01,1.741449E+03,0.000000E+00,2.626687E-01,1.528241E+04,4.809838E-02,0.000000E+00,0.000000E+00,2.853258E-02,5.935705E+02,1.588204E-01,1.036922E+03,0.000000E+00,1.633206E-01,9.502209E+03,2.853258E-02,0.000000E+00,0.000000E+00
05:50:00,6.344891E-02,1.316798E+03,3.818161E-01,2.511767E+03,0.000000E+00,9.634653E-02,5.605567E+03,6.344891E-02,0.000000E+00,0.000000E+00,4.809838E-02,9.982185E+02,2.617931E-01,1.722199E+03,0.000000E+00,2.613086E-01,1.520328E+04,4.809838E-02,0.000000E+00,0.000000E+00,2.853258E-02,5.921560E+02,1.700353E-01,1.118573E+03,0.000000E+00,1.633208E-01,9.502220E+03,2.853258E-02,0.000000E+00,0.000000E+00,4.809838E-02,9.982185E+02,2.698932E-01,1.775485E+03,0.000000E+00,2.626690E-01,1.528243E+04,4.809838E-02,0.000000E+00,0.000000E+00,2.853258E-02,5.921560E+02,1.591340E-01,1.046859E+03,0.000000E+00,1.633208E-01,9.502220E+03,2.853258E-02,0.000000E+00,0.000000E+00
06:00:00,6.344891E-02,1.313653E+03,3.819108E-01,2.531323E+03,0.000000E+00,9.634663E-02,5.605573E+03,6.344891E-02,0.000000E+00,0.000000E+00,4.809838E-02,9.958341E+02,2.627888E-01,1.741776E+03,0.000000E+00,2.613089E-01,1.520329E+04,4.809838E-02,0.000000E+00,0.000000E+00,2.853258E-02,5.907416E+02,1.768913E-01,1.172444E+03,0.000000E+00,1.633210E-01,9.502231E+03,2.853258E-02,0.000000E+00,0.000000E+00,4.809838E-02,9.958341E+02,2.732825E-01,1.811329E+03,0.000000E+00,2.626693E-01,1.528245E+04,4.809838E-02,0.000000E+00,0.000000E+00,2.853258E-02,5.907416E+02,1.595838E-01,1.057729E+03,0.000000E+00,1.633210E-01,9.502231E+03,2.853258E-02,0.000000E+00,0.000000E+00
06:10:00,6.344891E-02,1.302644E+03,3.894005E-01,2.648528E+03,0.000000E+00,9.634672E-02,5.605579E+03,6.344891E-02,0.000000E+00,0.000000E+00,4.809838E-02,9.874887E+02,2.710197E-01,1.843355E+03,0.000000E+00,2.525614E-01,1.469435E+04,4.809838E-02,0.000000E+00,0.000000E+00,2.853258E-02,5.857910E+02,1.888794E-01,1.284673E+03,0.000000E+00,1.574894E-01,9.162942E+03,2.853258E-02,0.000000E+00,0.000000E+00,4.809838E-02,9.874887E+02,2.831547E-01,1.925892E+03,0.000000E+00,2.535177E-01,1.474999E+04,4.809838E-02,0.000000E+00,0.000000E+00,2.853258E-02,5.857910E+02,1.642254E-01,1.116987E+03,0.000000E+00,1.574894E-01,9.162942E+03,2.853258E-02,0.000000E+00,0.000000E+00
06:20:00,6.344891E-02,1.291636E+03,3.971843E-01,2.770383E+03,0.000000E+00,9.634682E-02,5.605584E+03,6.344891E-02,0.000000E+00,0.000000E+00,4.809838E-02,9.791434E+02,2.795936E-01,1.950182E+03,0.000000E+00,2.438050E-01,1.418490E+04,4.809838E-02,0.000000E+00,0.000000E+00,2.853258E-02,5.808405E+02,2.019691E-01,1.408746E+03,0.000000E+00,1.516519E-01,8.823306E+03,2.853258E-02,0.000000E+00,0.000000E+00,4.809838E-02,9.791434E+02,2.929099E-01,2.043064E+03,0.000000E+00,2.443566E-01,1.421699E+04,4.809838E-02,0.000000E+00,0.000000E+00,2.853258E-02,5.808405E+02,1.690154E-01,1.178892E+03,0.000000E+00,1.516519E-01,8.823306E+03,2.853258E-02,0.000000E+00,0.000000E+00
06:30:00,6.344891E-02,1.280627E+03,4.051853E-01,2.896493E+03,0.000000E+00,9.634688E-02,5.605588E+03,6.344891E-02,0.000000E+00,0.000000E+00,4.809838E-02,9.707981E+02,2.881816E-01,2.060085E+03,0.000000E+00,2.350500E-01,1.367552E+04,4.809838E-02,0.000000E+00,0.000000E+00,2.853258E-02,5.758899E+02,2.154661E-01,1.540273E+03,0.000000E+00,1.458154E-01,8.483733E+03,2.853258E-02,0.000000E+00,0.000000E+00,4.809838E-02,9.707981E+02,3.020731E-01,2.159389E+03,0.000000E+00,2.351972E-01,1.368408E+04,4.809838E-02,0.000000E+00,0.000000E+00,2.853258E-02,5.758899E+02,1.739054E-01,1.243174E+03,0.000000E+00,1.458154E-01,8.483733E+03,2.853258E-02,0.000000E+00,0.000000E+00
06:40:00,6.344891E-02,1.269618E+03,4.133874E-01,3.026852E+03,0.000000E+00,9.634686E-02,5.605587E+03,6.344891E-02,0.000000E+00,0.000000E+00,4.809838E-02,9.624527E+02,2.972656E-01,2.176600E+03,0.000000E+00,2.262911E-01,1.316592E+04,4.809838E-02,0.000000E+00,0.000000E+00,2.853258E-02,5.709393E+02,2.296150E-01,1.681257E+03,0.000000E+00,1.399764E-01,8.144011E+03,2.853258E-02,0.000000E+00,0.000000E+00,4.809838E-02,9.624527E+02,3.109241E-01,2.276608E+03,0.000000E+00,2.260337E-01,1.315093E+04,4.809838E-02,0.000000E+00,0.000000E+00,2.853258E-02,5.709393E+02,1.789328E-01,1.310158E+03,0.000000E+00,1.399764E-01,8.144011E+03,2.853258E-02,0.000000E+00,0.000000E+00
06:50:00,6.344891E-02,1.258609E+03,4.217011E-01,3.160892E+03,0.000000E+00,9.634674E-02,5.605580E+03,6.344891E-02,0.000000E+00,0.000000E+00,4.809838E-02,9.541074E+02,3.065209E-01,2.297551E+03,0.000000E+00,2.175297E-01,1.265616E+04,4.809838E-02,0.000000E+00,0.000000E+00,2.853258E-02,5.659888E+02,2.442077E-01,1.830477E+03,0.000000E+00,1.341358E-01,7.804195E+03,2.853258E-02,0.000000E+00,0.000000E+00,4.809838E-02,9.541074E+02,3.192268E-01,2.392789E+03,0.000000E+00,2.168675E-01,1.261764E+04,4.809838E-02,0.000000E+00,0.000000E+00,2.853258E-02,5.659888E+02,1.840607E-01,1.379641E+03,0.000000E+00,1.341358E-01,7.804195E+03,2.853258E-02,0.000000E+00,0.000000E+00
07:00:00,6.344891E-02,1.247601E+03,4.300797E-01,3.298316E+03,2.519365E+01,9.634647E-02,5.605564E+03,6.344891E-02,0.000000E+00,0.000000E+00,4.809838E-02,9.457620E+02,3.158576E-01,2.422337E+03,1.850263E+01,2.087663E-01,1.214630E+04,4.809838E-02,0.000000E+00,0.000000E+00,2.853258E-02,5.610382E+02,2.589249E-01,1.985716E+03,1.516757E+01,1.282939E-01,7.464305E+03,2.853258E-02,0.000000E+00,0.000000E+00,4.809838E-02,9.457620E+02,3.270810E-01,2.508411E+03,1.916009E+01,2.076994E-01,1.208422E+04,4.809838E-02,0.000000E+00,0.000000E+00,2.853258E-02,5.610382E+02,1.892622E-01,1.451467E+03,1.108680E+01,1.282939E-01,7.464305E+03,2.853258E-02,0.000000E+00,0.000000E+00
07:10:00,6.344891E-02,1.220865E+03,4.312750E-01,3.489210E+03,2.094857E+02,9.634603E-02,5.605539E+03,6.344891E-02,0.000000E+00,0.000000E+00,4.809838E-02,9.254948E+02,3.187417E-01,2.578765E+03,1.548243E+02,2.065257E-01,1.201594E+04,4.809838E-02,0.000000E+00,0.000000E+00,2.853258E-02,5.490154E+02,2.698139E-01,2.182916E+03,1.310583E+02,1.268005E-01,7.377418E+03,2.853258E-02,0.000000E+00,0.000000E+00,4.809838E-02,9.254948E+02,3.282929E-01,2.656038E+03,1.594636E+02,2.054581E-01,1.195382E+04,4.809838E-02,0.000000E+00,0.000000E+00,2.853258E-02,5.490154E+02,1.907134E-01,1.542958E+03,9.263632E+01,1.268005E-01,7.377418E+03,2.853258E-02,0.000000E+00,0.000000E+00
07:20:00,6.344891E-02,1.194130E+03,4.323324E-01,3.679937E+03,3.946814E+02,9.634542E-02,5.605503E+03,6.344891E-02,0.000000E+00,0.000000E+00,4.809838E-02,9.052275E+02,3.215557E-01,2.737025E+03,2.935521E+02,2.042911E-01,1.188593E+04,4.809838E-02,0.000000E+00,0.000000E+00,2.853258E-02,5.369926E+02,2.806109E-01,2.388510E+03,2.561731E+02,1.253111E-01,7.290767E+03,2.853258E-02,0.000000E+00,0.000000E+00,4.809838E-02,9.052275E+02,3.294180E-01,2.803948E+03,3.007297E+02,2.032234E-01,1.182380E+04,4.809838E-02,0.000000E+00,0.000000E+00,2.853258E-02,5.369926E+02,1.921828E-01,1.635826E+03,1.754460E+02,1.253111E-01,7.290767E+03,2.853258E-02,0.000000E+00,0.000000E+00
07:30:00,6.344891E-02,1.167394E+03,4.332904E-01,3.870666E+03,5.806428E+02,9.634465E-02,5.605458E+03,6.344891E-02,0.000000E+00,0.000000E+00,4.809838E-02,8.849603E+02,3.244061E-01,2.897982E+03,4.347295E+02,2.020537E-01,1.175575E+04,4.809838E-02,0.000000E+00,0.000000E+00,2.853258E-02,5.249698E+02,2.911974E-01,2.601322E+03,3.902272E+02,1.238198E-01,7.203999E+03,2.853258E-02,0.000000E+00,0.000000E+00,4.809838E-02,8.849603E+02,3.308024E-01,2.955122E+03,4.433010E+02,2.009855E-01,1.169360E+04,4.809838E-02,0.000000E+00,0.000000E+00,2.853258E-02,5.249698E+02,1.937120E-01,1.730466E+03,2.595891E+02,1.238198E-01,7.203999E+03,2.853258E-02,0.000000E+00,0.000000E+00
07:40:00,6.344891E-02,1.140659E+03,4.341295E-01,4.061092E+03,7.672218E+02,9.634375E-02,5.605406E+03,6.344891E-02,0.000000E+00,0.000000E+00,4.809838E-02,8.646930E+02,3.272657E-01,3.061428E+03,5.783652E+02,1.998181E-01,1.162568E+04,4.809838E-02,0.000000E+00,0.000000E+00,2.853258E-02,5.129470E+02,3.012938E-01,2.818472E+03,5.324659E+02,1.223296E-01,7.117298E+03,2.853258E-02,0.000000E+00,0.000000E+00,4.809838E-02,8.646930E+02,3.325218E-01,3.110596E+03,5.876540E+02,1.987496E-01,1.156351E+04,4.809838E-02,0.000000E+00,0.000000E+00,2.853258E-02,5.129470E+02,1.952774E-01,1.826735E+03,3.451069E+02,1.223296E-01,7.117298E+03,2.853258E-02,0.000000E+00,0.000000E+00
07:50:00,6.344891E-02,1.113923E+03,4.349208E-01,4.251757E+03,9.544071E+02,9.634276E-02,5.605348E+03,6.344891E-02,0.000000E+00,0.000000E+00,4.809838E-02,8.444258E+02,3.302132E-01,3.228143E+03,7.246328E+02,1.975833E-01,1.149565E+04,4.809838E-02,0.000000E+00,0.000000E+00,2.853258E-02,5.009242E+02,3.110394E-01,3.040700E+03,6.825569E+02,1.208399E-01,7.030626E+03,2.853258E-02,0.000000E+00,0.000000E+00,4.809838E-02,8.444258E+02,3.347054E-01,3.272058E+03,7.344906E+02,1.965146E-01,1.143348E+04,4.809838E-02,0.000000E+00,0.000000E+00,2.853258E-02,5.009242E+02,1.969155E-01,1.925033E+03,4.321190E+02,1.208399E-01,7.030626E+03,2.853258E-02,0.000000E+00,0.000000E+00
08:00:00,6.344891E-02,1.087188E+03,4.356858E-01,4.442821E+03,1.142210E+03,9.634171E-02,5.605287E+03,6.344891E-02,0.000000E+00,0.000000E+00,4.809838E-02,8.241585E+02,3.332828E-01,3.398586E+03,8.737461E+02,1.953490E-01,1.136566E+04,4.809838E-02,0.000000E+00,0.000000E+00,2.853258E-02,4.889015E+02,3.203767E-01,3.266979E+03,8.399109E+02,1.193506E-01,6.943973E+03,2.853258E-02,0.000000E+00,0.000000E+00,4.809838E-02,8.241585E+02,3.373843E-01,3.440411E+03,8.844988E+02,1.942801E-01,1.130347E+04,4.809838E-02,0.000000E+00,0.000000E+00,2.853258E-02,4.889015E+02,1.986460E-01,2.025654E+03,5.207774E+02,1.193506E-01,6.943973E+03,2.853258E-02,0.000000E+00,0.000000E+00
08:10:00,6.344891E-02,1.057307E+03,4.364676E-01,4.656344E+03,1.352646E+03,9.634061E-02,5.605223E+03,6.344891E-02,0.000000E+00,0.000000E+00,4.809838E-02,8.015069E+02,3.360255E-01,3.584803E+03,1.041369E+03,1.953384E-01,1.136504E+04,4.809838E-02,0.000000E+00,0.000000E+00,2.853258E-02,4.754642E+02,3.287358E-01,3.507035E+03,1.018777E+03,1.193436E-01,6.943569E+03,2.853258E-02,0.000000E+00,0.000000E+00,4.809838E-02,8.015069E+02,3.402453E-01,3.629822E+03,1.054446E+03,1.942694E-01,1.130285E+04,4.809838E-02,0.000000E+00,0.000000E+00,2.853258E-02,4.754642E+02,2.002129E-01,2.135921E+03,6.204751E+02,1.193436E-01,6.943569E+03,2.853258E-02,0.000000E+00,0.000000E+00
08:20:00,6.344891E-02,1.027426E+03,4.373034E-01,4.871207E+03,1.564033E+03,9.633949E-02,5.605158E+03,6.344891E-02,0.000000E+00,0.000000E+00,4.809838E-02,7.788553E+02,3.389397E-01,3.775514E+03,1.212231E+03,1.953296E-01,1.136453E+04,4.809838E-02,0.000000E+00,0.000000E+00,2.853258E-02,4.620270E+02,3.363924E-01,3.747140E+03,1.203121E+03,1.193379E-01,6.943234E+03,2.853258E-02,0.000000E+00,0.000000E+00,4.809838E-02,7.788553E+02,3.433560E-01,3.824708E+03,1.228026E+03,1.942605E-01,1.130233E+04,4.809838E-02,0.000000E+00,0.000000E+00,2.853258E-02,4.620270E+02,2.018990E-01,2.248992E+03,7.220997E+02,1.193379E-01,6.943234E+03,2.853258E-02,0.000000E+00,0.000000E+00
08:30:00,6.344891E-02,9.975449E+02,4.382069E-01,5.087641E+03,1.776487E+03,9.633837E-02,5.605093E+03,6.344891E-02,0.000000E+00,0.000000E+00,4.809838E-02,7.562036E+02,3.421901E-01,3.972873E+03,1.387236E+03,1.953213E-01,1.136405E+04,4.809838E-02,0.000000E+00,0.000000E+00,2.853258E-02,4.485897E+02,3.433563E-01,3.986414E+03,1.391964E+03,1.193324E-01,6.942916E+03,2.853258E-02,0.000000E+00,0.000000E+00,4.809838E-02,7.562036E+02,3.466201E-01,4.024307E+03,1.405195E+03,1.942520E-01,1.130184E+04,4.809838E-02,0.000000E+00,0.000000E+00,2.853258E-02,4.485897E+02,2.036944E-01,2.364920E+03,8.257753E+02,1.193324E-01,6.942916E+03,2.853258E-02,0.000000E+00,0.000000E+00
08:40:00,6.344891E-02,9.676641E+02,4.392053E-01,5.306074E+03,1.990244E+03,9.633726E-02,5.605028E+03,6.344891E-02,0.000000E+00,0.000000E+00,4.809838E-02,7.335520E+02,3.455509E-01,4.174628E+03,1.565852E+03,1.953142E-01,1.136364E+04,4.809838E-02,0.000000E+00,0.000000E+00,2.853258E-02,4.351525E+02,3.495859E-01,4.223375E+03,1.584136E+03,1.193278E-01,6.942646E+03,2.853258E-02,0.000000E+00,0.000000E+00,4.809838E-02,7.335520E+02,3.500113E-01,4.228514E+03,1.586064E+03,1.942449E-01,1.130142E+04,4.809838E-02,0.000000E+00,0.000000E+00,2.853258E-02,4.351525E+02,2.054626E-01,2.482210E+03,9.310467E+02,1.193278E-01,6.942646E+03,2.853258E-02,0.000000E+00,0.000000E+00
08:50:00,6.344891E-02,9.377832E+02,4.402816E-01,5.526425E+03,2.205339E+03,9.633617E-02,5.604965E+03,6.344891E-02,0.000000E+00,0.000000E+00,4.809838E-02,7.109004E+02,3.490125E-01,4.380814E+03,1.748179E+03,1.953081E-01,1.136328E+04,4.809838E-02,0.000000E+00,0.000000E+00,2.853258E-02,4.217153E+02,3.550233E-01,4.456261E+03,1.778286E+03,1.193237E-01,6.942411E+03,2.853258E-02,0.000000E+00,0.000000E+00,4.809838E-02,7.109004E+02,3.535082E-01,4.437243E+03,1.770697E+03,1.942387E-01,1.130106E+04,4.809838E-02,0.000000E+00,0.000000E+00,2.853258E-02,4.217153E+02,2.073289E-01,2.602397E+03,1.038496E+03,1.193237E-01,6.942411E+03,2.853258E-02,0.000000E+00,0.000000E+00
09:00:00,6.344891E-02,9.079023E+02,4.414457E-01,5.748933E+03,2.421954E+03,9.633511E-02,5.604903E+03,6.344891E-02,0.000000E+00,0.000000E+00,4.809838E-02,6.882488E+02,3.527056E-01,4.593273E+03,1.935089E+03,1.953028E-01,1.136297E+04,4.809838E-02,0.000000E+00,0.000000E+00,2.853258E-02,4.082780E+02,3.595057E-01,4.681831E+03,1.972397E+03,1.193202E-01,6.942205E+03,2.853258E-02,0.000000E+00,0.000000E+00,4.809838E-02,6.882488E+02,3.571957E-01,4.651748E+03,1.959723E+03,1.942333E-01,1.130075E+04,4.809838E-02,0.000000E+00,0.000000E+00,2.853258E-02,4.082780E+02,2.093499E-01,2.726357E+03,1.148580E+03,1.193202E-01,6.942205E+03,2.853258E-02,0.000000E+00,0.000000E+00
09:10:00,6.344891E-02,8.811668E+02,4.426783E-01,5.951517E+03,2.617835E+03,9.633411E-02,5.604845E+03,6.344891E-02,0.000000E+00,0.000000E+00,4.809838E-02,6.679815E+02,3.565413E-01,4.793462E+03,2.108453E+03,1.952982E-01,1.136270E+04,4.809838E-02,0.000000E+00,0.000000E+00,2.853258E-02,3.962552E+02,3.627440E-01,4.876853E+03,2.145133E+03,1.193171E-01,6.942024E+03,2.853258E-02,0.000000E+00,0.000000E+00,4.809838E-02,6.679815E+02,3.607313E-01,4.849794E+03,2.133231E+03,1.942286E-01,1.130047E+04,4.809838E-02,0.000000E+00,0.000000E+00,2.853258E-02,3.962552E+02,2.114475E-01,2.842771E+03,1.250422E+03,1.193171E-01,6.942024E+03,2.853258E-02,0.000000E+00,0.000000E+00
09:20:00,6.344891E-02,8.544313E+02,4.439842E-01,6.156155E+03,2.815243E+03,9.633316E-02,5.604789E+03,6.344891E-02,0.000000E+00,0.000000E+00,4.809838E-02,6.477143E+02,3.605211E-01,4.998881E+03,2.286015E+03,1.952941E-01,1.136247E+04,4.809838E-02,0.000000E+00,0.000000E+00,2.853258E-02,3.842324E+02,3.646444E-01,5.056053E+03,2.312160E+03,1.193143E-01,6.941864E+03,2.853258E-02,0.000000E+00,0.000000E+00,4.809838E-02,6.477143E+02,3.643076E-01,5.051383E+03,2.310025E+03,1.942244E-01,1.130023E+04,4.809838E-02,0.000000E+00,0.000000E+00,2.853258E-02,3.842324E+02,2.136064E-01,2.961804E+03,1.354449E+03,1.193143E-01,6.941864E+03,2.853258E-02,0.000000E+00,0.000000E+00
09:30:00,6.344891E-02,8.276958E+02,4.453621E-01,6.362924E+03,3.014250E+03,9.633226E-02,5.604737E+03,6.344891E-02,0.000000E+00,0.000000E+00,4.809838E-02,6.274470E+02,3.646504E-01,5.209789E+03,2.467986E+03,1.952905E-01,1.136226E+04,4.809838E-02,0.000000E+00,0.000000E+00,2.853258E-02,3.722096E+02,3.651879E-01,5.217468E+03,2.471623E+03,1.193119E-01,6.941723E+03,2.853258E-02,0.000000E+00,0.000000E+00,4.809838E-02,6.274470E+02,3.679128E-01,5.256400E+03,2.490066E+03,1.942207E-01,1.130002E+04,4.809838E-02,0.000000E+00,0.000000E+00,2.853258E-02,3.722096E+02,2.158153E-01,3.083370E+03,1.460657E+03,1.193119E-01,6.941723E+03,2.853258E-02,0.000000E+00,0.000000E+00
09:40:00,6.344891E-02,8.009603E+02,4.468196E-01,6.572024E+03,3.215015E+03,9.633142E-02,5.604688E+03,6.344891E-02,0.000000E+00,0.000000E+00,4.809838E-02,6.071798E+02,3.689370E-01,5.426492E+03,2.654624E+03,1.952873E-01,1.136207E+04,4.809838E-02,0.000000E+00,0.000000E+00,2.853258E-02,3.601868E+02,3.643742E-01,5.359380E+03,2.621792E+03,1.193097E-01,6.941597E+03,2.853258E-02,0.000000E+00,0.000000E+00,4.809838E-02,6.071798E+02,3.715374E-01,5.464739E+03,2.673334E+03,1.942175E-01,1.129983E+04,4.809838E-02,0.000000E+00,0.000000E+00,2.853258E-02,3.601868E+02,2.181994E-01,3.209375E+03,1.570017E+03,1.193097E-01,6.941597E+03,2.853258E-02,0.000000E+00,0.000000E+00
09:50:00,6.344891E-02,7.742248E+02,4.483200E-01,6.783001E+03,3.417347E+03,9.633063E-02,5.604642E+03,6.344891E-02,0.000000E+00,0.000000E+00,4.809838E-02,5.869125E+02,3.733958E-01,5.649411E+03,2.846232E+03,1.952844E-01,1.136190E+04,4.809838E-02,0.000000E+00,0.000000E+00,2.853258E-02,3.481640E+02,3.622147E-01,5.480244E+03,2.761004E+03,1.193078E-01,6.941485E+03,2.853258E-02,0.000000E+00,0.000000E+00,4.809838E-02,5.869125E+02,3.751662E-01,5.676198E+03,2.859728E+03,1.942146E-01,1.129966E+04,4.809838E-02,0.000000E+00,0.000000E+00,2.853258E-02,3.481640E+02,2.206188E-01,3.337923E+03,1.681680E+03,1.193078E-01,6.941485E+03,2.853258E-02,0.000000E+00,0.000000E+00
10:00:00,6.344891E-02,7.474892E+02,4.498486E-01,6.995681E+03,3.621190E+03,9.632990E-02,5.604600E+03,6.344891E-02,0.000000E+00,0.000000E+00,4.809838E-02,5.666453E+02,3.781082E-01,5.880034E+03,3.043695E+03,1.952819E-01,1.136176E+04,4.809838E-02,0.000000E+00,0.000000E+00,2.853258E-02,3.361413E+02,3.588714E-01,5.580878E+03,2.888842E+03,1.193061E-01,6.941385E+03,2.853258E-02,0.000000E+00,0.000000E+00,4.809838E-02,5.666453E+02,3.786982E-01,5.889208E+03,3.048444E+03,1.942120E-01,1.129951E+04,4.809838E-02,0.000000E+00,0.000000E+00,2.853258E-02,3.361413E+02,2.230104E-01,3.468077E+03,1.795188E+03,1.193061E-01,6.941385E+03,2.853258E-02,0.000000E+00,0.000000E+00
10:10:00,6.344891E-02,7.238991E+02,4.514045E-01,7.187709E+03,3.803891E+03,9.632922E-02,5.604560E+03,6.344891E-02,0.000000E+00,0.000000E+00,4.809838E-02,5.487624E+02,3.831414E-01,6.100756E+03,3.228652E+03,1.952796E-01,1.136162E+04,4.809838E-02,0.000000E+00,0.000000E+00,2.853258E-02,3.255329E+02,3.546264E-01,5.646713E+03,2.988363E+03,1.193046E-01,6.941295E+03,2.853258E-02,0.000000E+00,0.000000E+00,4.809838E-02,5.487624E+02,3.821928E-01,6.085651E+03,3.220658E+03,1.942097E-01,1.129937E+04,4.809838E-02,0.000000E+00,0.000000E+00,2.853258E-02,3.255329E+02,2.254030E-01,3.589090E+03,1.899424E+03,1.193046E-01,6.941295E+03,2.853258E-02,0.000000E+00,0.000000E+00
10:20:00,6.344891E-02,7.003089E+02,4.529797E-01,7.381208E+03,3.987930E+03,9.632858E-02,5.604523E+03,6.344891E-02,0.000000E+00,0.000000E+00,4.809838E-02,5.308795E+02,3.885071E-01,6.330640E+03,3.420327E+03,1.952776E-01,1.136150E+04,4.809838E-02,0.000000E+00,0.000000E+00,2.853258E-02,3.149246E+02,3.496432E-01,5.697361E+03,3.078178E+03,1.193032E-01,6.941214E+03,2.853258E-02,0.000000E+00,0.000000E+00,4.809838E-02,5.308795E+02,3.856597E-01,6.284242E+03,3.395259E+03,1.942076E-01,1.129925E+04,4.809838E-02,0.000000E+00,0.000000E+00,2.853258E-02,3.149246E+02,2.277971E-01,3.711905E+03,2.005473E+03,1.193032E-01,6.941214E+03,2.853258E-02,0.000000E+00,0.000000E+00
10:30:00,6.344891E-02,6.767188E+02,4.545611E-01,7.575981E+03,4.173213E+03,9.632800E-02,5.604489E+03,6.344891E-02,0.000000E+00,0.000000E+00,4.809838E-02,5.129966E+02,3.941941E-01,6.569869E+03,3.618998E+03,1.952757E-01,1.136140E+04,4.809838E-02,0.000000E+00,0.000000E+00,2.853258E-02,3.043162E+02,3.440367E-01,5.733917E+03,3.158516E+03,1.193019E-01,6.941141E+03,2.853258E-02,0.000000E+00,0.000000E+00,4.809838E-02,5.129966E+02,3.890909E-01,6.484817E+03,3.572148E+03,1.942057E-01,1.129914E+04,4.809838E-02,0.000000E+00,0.000000E+00,2.853258E-02,3.043162E+02,2.301836E-01,3.836374E+03,2.113259E+03,1.193019E-01,6.941141E+03,2.853258E-02,0.000000E+00,0.000000E+00
10:40:00,6.344891E-02,6.531286E+02,4.561401E-01,7.771889E+03,4.359675E+03,9.632745E-02,5.604457E+03,6.344891E-02,0.000000E+00,0.000000E+00,4.809838E-02,4.951138E+02,4.001851E-01,6.818507E+03,3.824872E+03,1.952740E-01,1.136130E+04,4.809838E-02,0.000000E+00,0.000000E+00,2.853258E-02,2.937079E+02,3.379463E-01,5.758059E+03,3.230008E+03,1.193007E-01,6.941074E+03,2.853258E-02,0.000000E+00,0.000000E+00,4.809838E-02,4.951138E+02,3.924808E-01,6.687238E+03,3.751236E+03,1.942040E-01,1.129904E+04,4.809838E-02,0.000000E+00,0.000000E+00,2.853258E-02,2.937079E+02,2.325551E-01,3.962363E+03,2.222705E+03,1.193007E-01,6.941074E+03,2.853258E-02,0.000000E+00,0.000000E+00
10:50:00,6.344891E-02,6.295385E+02,4.577177E-01,7.968948E+03,4.547309E+03,9.632694E-02,5.604428E+03,6.344891E-02,0.000000E+00,0.000000E+00,4.809838E-02,4.772309E+02,4.064464E-01,7.076305E+03,4.037941E+03,1.952725E-01,1.136121E+04,4.809838E-02,0.000000E+00,0.000000E+00,2.853258E-02,2.830995E+02,3.315538E-01,5.772411E+03,3.293902E+03,1.192997E-01,6.941013E+03,2.853258E-02,0.000000E+00,0.000000E+00,4.809838E-02,4.772309E+02,3.958288E-01,6.891450E+03,3.932458E+03,1.942024E-01,1.129895E+04,4.809838E-02,0.000000E+00,0.000000E+00,2.853258E-02,2.830995E+02,2.349082E-01,4.089795E+03,2.333753E+03,1.192997E-01,6.941013E+03,2.853258E-02,0.000000E+00,0.000000E+00
11:00:00,6.344891E-02,6.059483E+02,4.592887E-01,8.167061E+03,4.736064E+03,9.632647E-02,5.604400E+03,6.344891E-02,0.000000E+00,0.000000E+00,4.809838E-02,4.593480E+02,4.127625E-01,7.339734E+03,4.256299E+03,1.952710E-01,1.136113E+04,4.809838E-02,0.000000E+00,0.000000E+00,2.853258E-02,2.724912E+02,3.250690E-01,5.780370E+03,3.352026E+03,1.192987E-01,6.940956E+03,2.853258E-02,0.000000E+00,0.000000E+00,4.809838E-02,4.593480E+02,3.991297E-01,7.097316E+03,4.115721E+03,1.942009E-01,1.129887E+04,4.809838E-02,0.000000E+00,0.000000E+00,2.853258E-02,2.724912E+02,2.372377E-01,4.218556E+03,2.446333E+03,1.192987E-01,6.940956E+03,2.853258E-02,0.000000E+00,0.000000E+00
11:10:00,6.344891E-02,5.902215E+02,4.608583E-01,8.309202E+03,4.868082E+03,9.632602E-02,5.604374E+03,6.344891E-02,0.000000E+00,0.000000E+00,4.809838E-02,4.474261E+02,4.190319E-01,7.555079E+03,4.426267E+03,1.952697E-01,1.136105E+04,4.809838E-02,0.000000E+00,0.000000E+00,2.853258E-02,2.654189E+02,3.189307E-01,5.750270E+03,3.368890E+03,1.192978E-01,6.940905E+03,2.853258E-02,0.000000E+00,0.000000E+00,4.809838E-02,4.474261E+02,4.023624E-01,7.254532E+03,4.250186E+03,1.941996E-01,1.129879E+04,4.809838E-02,0.000000E+00,0.000000E+00,2.853258E-02,2.654189E+02,2.395286E-01,4.318663E+03,2.530159E+03,1.192978E-01,6.940905E+03,2.853258E-02,0.000000E+00,0.000000E+00
11:20:00,6.344891E-02,5.744947E+02,4.624049E-01,8.451701E+03,5.000632E+03,9.632561E-02,5.604350E+03,6.344891E-02,0.000000E+00,0.000000E+00,4.809838E-02,4.355042E+02,4.251884E-01,7.771469E+03,4.598159E+03,1.952685E-01,1.136098E+04,4.809838E-02,0.000000E+00,0.000000E+00,2.853258E-02,2.583467E+02,3.135488E-01,5.730953E+03,3.390843E+03,1.192970E-01,6.940857E+03,2.853258E-02,0.000000E+00,0.000000E+00,4.809838E-02,4.355042E+02,4.055052E-01,7.411706E+03,4.385297E+03,1.941984E-01,1.129871E+04,4.809838E-02,0.000000E+00,0.000000E+00,2.853258E-02,2.583467E+02,2.417613E-01,4.418843E+03,2.614504E+03,1.192970E-01,6.940857E+03,2.853258E-02,0.000000E+00,0.000000E+00
11:30:00,6.344891E-02,5.587680E+02,4.639378E-01,8.594714E+03,5.133818E+03,9.632522E-02,5.604328E+03,6.344891E-02,0.000000E+00,0.000000E+00,4.809838E-02,4.235823E+02,4.311987E-01,7.988203E+03,4.771535E+03,1.952674E-01,1.136091E+04,4.809838E-02,0.000000E+00,0.000000E+00,2.853258E-02,2.512745E+02,3.090657E-01,5.725620E+03,3.420043E+03,1.192962E-01,6.940812E+03,2.853258E-02,0.000000E+00,0.000000E+00,4.809838E-02,4.235823E+02,4.085619E-01,7.568843E+03,4.521042E+03,1.941972E-01,1.129865E+04,4.809838E-02,0.000000E+00,0.000000E+00,2.853258E-02,2.512745E+02,2.439408E-01,4.519143E+03,2.699387E+03,1.192962E-01,6.940812E+03,2.853258E-02,0.000000E+00,0.000000E+00
11:40:00,6.344891E-02,5.430412E+02,4.654555E-01,8.738200E+03,5.267602E+03,9.632486E-02,5.604307E+03,6.344891E-02,0.000000E+00,0.000000E+00,4.809838E-02,4.116604E+02,4.370048E-01,8.204082E+03,4.945622E+03,1.952663E-01,1.136085E+04,4.809838E-02,0.000000E+00,0.000000E+00,2.853258E-02,2.442022E+02,3.055283E-01,5.735816E+03,3.457691E+03,1.192955E-01,6.940770E+03,2.853258E-02,0.000000E+00,0.000000E+00,4.809838E-02,4.116604E+02,4.115306E-01,7.725843E+03,4.657328E+03,1.941961E-01,1.129858E+04,4.809838E-02,0.000000E+00,0.000000E+00,2.853258E-02,2.442022E+02,2.460560E-01,4.619317E+03,2.784638E+03,1.192955E-01,6.940770E+03,2.853258E-02,0.000000E+00,0.000000E+00
11:50:00,6.344891E-02,5.273144E+02,4.669569E-01,8.882128E+03,5.401953E+03,9.632452E-02,5.604287E+03,6.344891E-02,0.000000E+00,0.000000E+00,4.809838E-02,3.997385E+02,4.425812E-01,8.418472E+03,5.119966E+03,1.952653E-01,1.136079E+04,4.809838E-02,0.000000E+00,0.000000E+00,2.853258E-02,2.371300E+02,3.029318E-01,5.762158E+03,3.504443E+03,1.192948E-01,6.940731E+03,2.853258E-02,0.000000E+00,0.000000E+00,4.809838E-02,3.997385E+02,4.144105E-01,7.882627E+03,4.794074E+03,1.941951E-01,1.129852E+04,4.809838E-02,0.000000E+00,0.000000E+00,2.853258E-02,2.371300E+02,2.481095E-01,4.719366E+03,2.870235E+03,1.192948E-01,6.940731E+03,2.853258E-02,0.000000E+00,0.000000E+00
12:00:00,6.344891E-02,5.115877E+02,4.684569E-01,9.026774E+03,5.537051E+03,9.632420E-02,5.604268E+03,6.344891E-02,0.000000E+00,0.000000E+00,4.809838E-02,3.878166E+02,4.478976E-01,8.630614E+03,5.294045E+03,1.952644E-01,1.136074E+04,4.809838E-02,0.000000E+00,0.000000E+00,2.853258E-02,2.300578E+02,3.012110E-01,5.804085E+03,3.560243E+03,1.192942E-01,6.940694E+03,2.853258E-02,0.000000E+00,0.000000E+00,4.809838E-02,3.878166E+02,4.172125E-01,8.039338E+03,4.931355E+03,1.941941E-01,1.129847E+04,4.809838E-02,0.000000E+00,0.000000E+00,2.853258E-02,2.300578E+02,2.500982E-01,4.819185E+03,2.956103E+03,1.192942E-01,6.940694E+03,2.853258E-02,0.000000E+00,0.000000E+00
12:10:00,6.344891E-02,4.990062E+02,4.699256E-01,9.148257E+03,5.648889E+03,9.632389E-02,5.604251E+03,6.344891E-02,0.000000E+00,0.000000E+00,4.809838E-02,3.782790E+02,4.529286E-01,8.817370E+03,5.444572E+03,1.952635E-01,1.136069E+04,4.809838E-02,0.000000E+00,0.000000E+00,2.853258E-02,2.244000E+02,3.001864E-01,5.843868E+03,3.608486E+03,1.192936E-01,6.940659E+03,2.853258E-02,0.000000E+00,0.000000E+00,4.809838E-02,3.782790E+02,4.199388E-01,8.175142E+03,5.048008E+03,1.941932E-01,1.129842E+04,4.809838E-02,0.000000E+00,0.000000E+00,2.853258E-02,2.244000E+02,2.520274E-01,4.906334E+03,3.029576E+03,1.192936E-01,6.940659E+03,2.853258E-02,0.000000E+00,0.000000E+00
12:20:00,6.344891E-02,4.864248E+02,4.713701E-01,9.269848E+03,5.761045E+03,9.632361E-02,5.604234E+03,6.344891E-02,0.000000E+00,0.000000E+00,4.809838E-02,3.687415E+02,4.576520E-01,9.000070E+03,5.593383E+03,1.952627E-01,1.136064E+04,4.809838E-02,0.000000E+00,0.000000E+00,2.853258E-02,2.187422E+02,2.994041E-01,5.888007E+03,3.659291E+03,1.192930E-01,6.940626E+03,2.853258E-02,0.000000E+00,0.000000E+00,4.809838E-02,3.687415E+02,4.226012E-01,8.310770E+03,5.164996E+03,1.941923E-01,1.129837E+04,4.809838E-02,0.000000E+00,0.000000E+00,2.853258E-02,2.187422E+02,2.537682E-01,4.990543E+03,3.101534E+03,1.192930E-01,6.940626E+03,2.853258E-02,0.000000E+00,0.000000E+00
12:30:00,6.344891E-02,4.738434E+02,4.727844E-01,9.391411E+03,5.873393E+03,9.632333E-02,5.604218E+03,6.344891E-02,0.000000E+00,0.000000E+00,4.809838E-02,3.592040E+02,4.620311E-01,9.177806E+03,5.739804E+03,1.952619E-01,1.136059E+04,4.809838E-02,0.000000E+00,0.000000E+00,2.853258E-02,2.130844E+02,2.987871E-01,5.935120E+03,3.711827E+03,1.192925E-01,6.940594E+03,2.853258E-02,0.000000E+00,0.000000E+00,4.809838E-02,3.592040E+02,4.251974E-01,8.446140E+03,5.282220E+03,1.941915E-01,1.129832E+04,4.809838E-02,0.000000E+00,0.000000E+00,2.853258E-02,2.130844E+02,2.554421E-01,5.074114E+03,3.173353E+03,1.192925E-01,6.940594E+03,2.853258E-02,0.000000E+00,0.000000E+00
12:40:00,6.344891E-02,4.612620E+02,4.741622E-01,9.512802E+03,5.985848E+03,9.632307E-02,5.604203E+03,6.344891E-02,0.000000E+00,0.000000E+00,4.809838E-02,3.496665E+02,4.660542E-01,9.350135E+03,5.883491E+03,1.952611E-01,1.136055E+04,4.809838E-02,0.000000E+00,0.000000E+00,2.853258E-02,2.074266E+02,2.983133E-01,5.984863E+03,3.765923E+03,1.192920E-01,6.940564E+03,2.853258E-02,0.000000E+00,0.000000E+00,4.809838E-02,3.496665E+02,4.277237E-01,8.581137E+03,5.399606E+03,1.941907E-01,1.129827E+04,4.809838E-02,0.000000E+00,0.000000E+00,2.853258E-02,2.074266E+02,2.570566E-01,5.157157E+03,3.245096E+03,1.192920E-01,6.940564E+03,2.853258E-02,0.000000E+00,0.000000E+00
12:50:00,6.344891E-02,4.486806E+02,4.755463E-01,9.634867E+03,6.098938E+03,9.632282E-02,5.604188E+03,6.344891E-02,0.000000E+00,0.000000E+00,4.809838E-02,3.401289E+02,4.697137E-01,9.516696E+03,6.024135E+03,1.952604E-01,1.136050E+04,4.809838E-02,0.000000E+00,0.000000E+00,2.853258E-02,2.017689E+02,2.979722E-01,6.037103E+03,3.821529E+03,1.192915E-01,6.940535E+03,2.853258E-02,0.000000E+00,0.000000E+00,4.809838E-02,3.401289E+02,4.302060E-01,8.716245E+03,5.517444E+03,1.941900E-01,1.129823E+04,4.809838E-02,0.000000E+00,0.000000E+00,2.853258E-02,2.017689E+02,2.586215E-01,5.239835E+03,3.316852E+03,1.192915E-01,6.940535E+03,2.853258E-02,0.000000E+00,0.000000E+00
13:00:00,6.344891E-02,4.360992E+02,4.768349E-01,9.755528E+03,6.211342E+03,9.632259E-02,5.604174E+03,6.344891E-02,0.000000E+00,0.000000E+00,4.809838E-02,3.305914E+02,4.729389E-01,9.675819E+03,6.160592E+03,1.952597E-01,1.136046E+04,4.809838E-02,0.000000E+00,0.000000E+00,2.853258E-02,1.961111E+02,2.977215E-01,6.091060E+03,3.878176E+03,1.192910E-01,6.940508E+03,2.853258E-02,0.000000E+00,0.000000E+00,4.809838E-02,3.305914E+02,4.325819E-01,8.850159E+03,5.634894E+03,1.941893E-01,1.129819E+04,4.809838E-02,0.000000E+00,0.000000E+00,2.853258E-02,1.961111E+02,2.601082E-01,5.321534E+03,3.388219E+03,1.192910E-01,6.940508E+03,2.853258E-02,0.000000E+00,0.000000E+00
13:10:00,6.344891E-02,4.282358E+02,4.780884E-01,9.840424E+03,6.287763E+03,9.632236E-02,5.604161E+03,6.344891E-02,0.000000E+00,0.000000E+00,4.809838E-02,3.246304E+02,4.757373E-01,9.792030E+03,6.256841E+03,1.952590E-01,1.136042E+04,4.809838E-02,0.000000E+00,0.000000E+00,2.853258E-02,1.925750E+02,2.974148E-01,6.121645E+03,3.911565E+03,1.192906E-01,6.940482E+03,2.853258E-02,0.000000E+00,0.000000E+00,4.809838E-02,3.246304E+02,4.348720E-01,8.950907E+03,5.719386E+03,1.941886E-01,1.129815E+04,4.809838E-02,0.000000E+00,0.000000E+00,2.853258E-02,1.925750E+02,2.615230E-01,5.382890E+03,3.439520E+03,1.192906E-01,6.940482E+03,2.853258E-02,0.000000E+00,0.000000E+00
13:20:00,6.344891E-02,4.203724E+02,4.792860E-01,9.924474E+03,6.363742E+03,9.632214E-02,5.604149E+03,6.344891E-02,0.000000E+00,0.000000E+00,4.809838E-02,3.186695E+02,4.780882E-01,9.899669E+03,6.347837E+03,1.952583E-01,1.136039E+04,4.809838E-02,0.000000E+00,0.000000E+00,2.853258E-02,1.890388E+02,2.971656E-01,6.153345E+03,3.945630E+03,1.192901E-01,6.940456E+03,2.853258E-02,0.000000E+00,0.000000E+00,4.809838E-02,3.186695E+02,4.370628E-01,9.050165E+03,5.803120E+03,1.941879E-01,1.129811E+04,4.809838E-02,0.000000E+00,0.000000E+00,2.853258E-02,1.890388E+02,2.636451E-01,5.459242E+03,3.500559E+03,1.192901E-01,6.940456E+03,2.853258E-02,0.000000E+00,0.000000E+00
13:30:00,6.344891E-02,4.125090E+02,4.804276E-01,1.000765E+04,6.439285E+03,9.632193E-02,5.604136E+03,6.344891E-02,0.000000E+00,0.000000E+00,4.809838E-02,3.127085E+02,4.799850E-01,9.998433E+03,6.433353E+03,1.952577E-01,1.136035E+04,4.809838E-02,0.000000E+00,0.000000E+00,2.853258E-02,1.855027E+02,2.969621E-01,6.185933E+03,3.980253E+03,1.192897E-01,6.940432E+03,2.853258E-02,0.000000E+00,0.000000E+00,4.809838E-02,3.127085E+02,4.391511E-01,9.147833E+03,5.886046E+03,1.941873E-01,1.129807E+04,4.809838E-02,0.000000E+00,0.000000E+00,2.853258E-02,1.855027E+02,2.665995E-01,5.553459E+03,3.573296E+03,1.192897E-01,6.940432E+03,2.853258E-02,0.000000E+00,0.000000E+00
13:40:00,6.344891E-02,4.046456E+02,4.815152E-01,1.008998E+04,6.514371E+03,9.632173E-02,5.604125E+03,6.344891E-02,0.000000E+00,0.000000E+00,4.809838E-02,3.067476E+02,4.814272E-01,1.008814E+04,6.513180E+03,1.952571E-01,1.136031E+04,4.809838E-02,0.000000E+00,0.000000E+00,2.853258E-02,1.819666E+02,2.967906E-01,6.219143E+03,4.015250E+03,1.192893E-01,6.940408E+03,2.853258E-02,0.000000E+00,0.000000E+00,4.809838E-02,3.067476E+02,4.411356E-01,9.243842E+03,5.968079E+03,1.941866E-01,1.129803E+04,4.809838E-02,0.000000E+00,0.000000E+00,2.853258E-02,1.819666E+02,2.705213E-01,5.668679E+03,3.659855E+03,1.192893E-01,6.940408E+03,2.853258E-02,0.000000E+00,0.000000E+00
13:50:00,6.344891E-02,3.967822E+02,4.825031E-01,1.017048E+04,6.588369E+03,9.632153E-02,5.604113E+03,6.344891E-02,0.000000E+00,0.000000E+00,4.809838E-02,3.007866E+02,4.823896E-01,1.016809E+04,6.586819E+03,1.952565E-01,1.136028E+04,4.809838E-02,0.000000E+00,0.000000E+00,2.853258E-02,1.784305E+02,2.966211E-01,6.252354E+03,4.050232E+03,1.192889E-01,6.940385E+03,2.853258E-02,0.000000E+00,0.000000E+00,4.809838E-02,3.007866E+02,4.429849E-01,9.337495E+03,6.048765E+03,1.941860E-01,1.129800E+04,4.809838E-02,0.000000E+00,0.000000E+00,2.853258E-02,1.784305E+02,2.754947E-01,5.807038E+03,3.761760E+03,1.192889E-01,6.940385E+03,2.853258E-02,0.000000E+00,0.000000E+00
14:00:00,6.344891E-02,3.889188E+02,4.834751E-01,1.025089E+04,6.662411E+03,9.632135E-02,5.604102E+03,6.344891E-02,0.000000E+00,0.000000E+00,4.809838E-02,2.948257E+02,4.829276E-01,1.023928E+04,6.654866E+03,1.952560E-01,1.136025E+04,4.809838E-02,0.000000E+00,0.000000E+00,2.853258E-02,1.748944E+02,2.964660E-01,6.285826E+03,4.085378E+03,1.192885E-01,6.940363E+03,2.853258E-02,0.000000E+00,0.000000E+00,4.809838E-02,2.948257E+02,4.447448E-01,9.429709E+03,6.128698E+03,1.941855E-01,1.129797E+04,4.809838E-02,0.000000E+00,0.000000E+00,2.853258E-02,1.748944E+02,2.815989E-01,5.970606E+03,3.880505E+03,1.192885E-01,6.940363E+03,2.853258E-02,0.000000E+00,0.000000E+00
14:10:00,6.344891E-02,3.889188E+02,4.843872E-01,1.027023E+04,6.674981E+03,9.632116E-02,5.604092E+03,6.344891E-02,0.000000E+00,0.000000E+00,4.809838E-02,2.948257E+02,4.830127E-01,1.024109E+04,6.656040E+03,1.952554E-01,1.136022E+04,4.809838E-02,0.000000E+00,0.000000E+00,2.853258E-02,1.748944E+02,2.962908E-01,6.282110E+03,4.082963E+03,1.192882E-01,6.940342E+03,2.853258E-02,0.000000E+00,0.000000E+00,4.809838E-02,2.948257E+02,4.463709E-01,9.464186E+03,6.151105E+03,1.941849E-01,1.129793E+04,4.809838E-02,0.000000E+00,0.000000E+00,2.853258E-02,1.748944E+02,2.889691E-01,6.126872E+03,3.982068E+03,1.192882E-01,6.940342E+03,2.853258E-02,0.000000E+00,0.000000E+00
14:20:00,6.344891E-02,3.889188E+02,4.852604E-01,1.028874E+04,6.687013E+03,9.632099E-02,5.604081E+03,6.344891E-02,0.000000E+00,0.000000E+00,4.809838E-02,2.948257E+02,4.826756E-01,1.023394E+04,6.651394E+03,1.952549E-01,1.136018E+04,4.809838E-02,0.000000E+00,0.000000E+00,2.853258E-02,1.748944E+02,2.960882E-01,6.277814E+03,4.080171E+03,1.192878E-01,6.940322E+03,2.853258E-02,0.000000E+00,0.000000E+00,4.809838E-02,2.948257E+02,4.478705E-01,9.495982E+03,6.171771E+03,1.941844E-01,1.129790E+04,4.809838E-02,0.000000E+00,0.000000E+00,2.853258E-02,1.748944E+02,2.971849E-01,6.301068E+03,4.095284E+03,1.192878E-01,6.940322E+03,2.853258E-02,0.000000E+00,0.000000E+00
14:30:00,6.344891E-02,3.889188E+02,4.860539E-01,1.030556E+04,6.697947E+03,9.632082E-02,5.604071E+03,6.344891E-02,0.000000E+00,0.000000E+00,4.809838E-02,2.948257E+02,4.820185E-01,1.022000E+04,6.642338E+03,1.952544E-01,1.136015E+04,4.809838E-02,0.000000E+00,0.000000E+00,2.853258E-02,1.748944E+02,2.958318E-01,6.272379E+03,4.076638E+03,1.192875E-01,6.940302E+03,2.853258E-02,0.000000E+00,0.000000E+00,4.809838E-02,2.948257E+02,4.492146E-01,9.524480E+03,6.190293E+03,1.941838E-01,1.129787E+04,4.809838E-02,0.000000E+00,0.000000E+00,2.853258E-02,1.748944E+02,3.060488E-01,6.489005E+03,4.217432E+03,1.192875E-01,6.940302E+03,2.853258E-02,0.000000E+00,0.000000E+00
14:40:00,6.344891E-02,3.889188E+02,4.868057E-01,1.032151E+04,6.708308E+03,9.632065E-02,5.604062E+03,6.344891E-02,0.000000E+00,0.000000E+00,4.809838E-02,2.948257E+02,4.812286E-01,1.020326E+04,6.631454E+03,1.952539E-01,1.136013E+04,4.809838E-02,0.000000E+00,0.000000E+00,2.853258E-02,1.748944E+02,2.955285E-01,6.265948E+03,4.072459E+03,1.192871E-01,6.940282E+03,2.853258E-02,0.000000E+00,0.000000E+00,4.809838E-02,2.948257E+02,4.504247E-01,9.550137E+03,6.206968E+03,1.941833E-01,1.129784E+04,4.809838E-02,0.000000E+00,0.000000E+00,2.853258E-02,1.748944E+02,3.155031E-01,6.689459E+03,4.347713E+03,1.192871E-01,6.940282E+03,2.853258E-02,0.000000E+00,0.000000E+00
14:50:00,6.344891E-02,3.889188E+02,4.875158E-01,1.033656E+04,6.718092E+03,9.632049E-02,5.604052E+03,6.344891E-02,0.000000E+00,0.000000E+00,4.809838E-02,2.948257E+02,4.803680E-01,1.018501E+04,6.619595E+03,1.952534E-01,1.136010E+04,4.809838E-02,0.000000E+00,0.000000E+00,2.853258E-02,1.748944E+02,2.951712E-01,6.258372E+03,4.067535E+03,1.192868E-01,6.940263E+03,2.853258E-02,0.000000E+00,0.000000E+00,4.809838E-02,2.948257E+02,4.514970E-01,9.572872E+03,6.221745E+03,1.941828E-01,1.129781E+04,4.809838E-02,0.000000E+00,0.000000E+00,2.853258E-02,1.748944E+02,3.254788E-01,6.900969E+03,4.485181E+03,1.192868E-01,6.940263E+03,2.853258E-02,0.000000E+00,0.000000E+00
15:00:00,6.344891E-02,3.889188E+02,4.881763E-01,1.035057E+04,6.727195E+03,9.632033E-02,5.604043E+03,6.344891E-02,0.000000E+00,0.000000E+00,4.809838E-02,2.948257E+02,4.794773E-01,1.016613E+04,6.607321E+03,1.952529E-01,1.136007E+04,4.809838E-02,0.000000E+00,0.000000E+00,2.853258E-02,1.748944E+02,2.947510E-01,6.249463E+03,4.061744E+03,1.192865E-01,6.940245E+03,2.853258E-02,0.000000E+00,0.000000E+00,4.809838E-02,2.948257E+02,4.524257E-01,9.592563E+03,6.234542E+03,1.941823E-01,1.129778E+04,4.809838E-02,0.000000E+00,0.000000E+00,2.853258E-02,1.748944E+02,3.359319E-01,7.122601E+03,4.629228E+03,1.192865E-01,6.940245E+03,2.853258E-02,0.000000E+00,0.000000E+00
15:10:00,6.344891E-02,3.983549E+02,4.887842E-01,1.029076E+04,6.661853E+03,9.632018E-02,5.604034E+03,6.344891E-02,0.000000E+00,0.000000E+00,4.809838E-02,3.019788E+02,4.785857E-01,1.007605E+04,6.522853E+03,1.952524E-01,1.136004E+04,4.809838E-02,0.000000E+00,0.000000E+00,2.853258E-02,1.791377E+02,2.942533E-01,6.195149E+03,4.010506E+03,1.192862E-01,6.940227E+03,2.853258E-02,0.000000E+00,0.000000E+00,4.809838E-02,3.019788E+02,4.531949E-01,9.541474E+03,6.176791E+03,1.941819E-01,1.129776E+04,4.809838E-02,0.000000E+00,0.000000E+00,2.853258E-02,1.791377E+02,3.466697E-01,7.298715E+03,4.724913E+03,1.192862E-01,6.940227E+03,2.853258E-02,0.000000E+00,0.000000E+00
15:20:00,6.344891E-02,4.077910E+02,4.893167E-01,1.022920E+04,6.595312E+03,9.632003E-02,5.604026E+03,6.344891E-02,0.000000E+00,0.000000E+00,4.809838E-02,3.091320E+02,4.776171E-01,9.984623E+03,6.437617E+03,1.952520E-01,1.136002E+04,4.809838E-02,0.000000E+00,0.000000E+00,2.853258E-02,1.833811E+02,2.936030E-01,6.137794E+03,3.957362E+03,1.192859E-01,6.940210E+03,2.853258E-02,0.000000E+00,0.000000E+00,4.809838E-02,3.091320E+02,4.536828E-01,9.484275E+03,6.115016E+03,1.941814E-01,1.129773E+04,4.809838E-02,0.000000E+00,0.000000E+00,2.853258E-02,1.833811E+02,3.573721E-01,7.470891E+03,4.816881E+03,1.192859E-01,6.940210E+03,2.853258E-02,0.000000E+00,0.000000E+00
15:30:00,6.344891E-02,4.172270E+02,4.898290E-01,1.016707E+04,6.528357E+03,9.631988E-02,5.604017E+03,6.344891E-02,0.000000E+00,0.000000E+00,4.809838E-02,3.162851E+02,4.766480E-01,9.893477E+03,6.352683E+03,1.952516E-01,1.135999E+04,4.809838E-02,0.000000E+00,0.000000E+00,2.853258E-02,1.876244E+02,2.928587E-01,6.078680E+03,3.903170E+03,1.192856E-01,6.940193E+03,2.853258E-02,0.000000E+00,0.000000E+00,4.809838E-02,3.162851E+02,4.537634E-01,9.418477E+03,6.047681E+03,1.941810E-01,1.129770E+04,4.809838E-02,0.000000E+00,0.000000E+00,2.853258E-02,1.876244E+02,3.676436E-01,7.630942E+03,4.899890E+03,1.192856E-01,6.940193E+03,2.853258E-02,0.000000E+00,0.000000E+00
15:40:00,6.344891E-02,4.266631E+02,4.902697E-01,1.010330E+04,6.460288E+03,9.631974E-02,5.604009E+03,6.344891E-02,0.000000E+00,0.000000E+00,4.809838E-02,3.234382E+02,4.755582E-01,9.800132E+03,6.266435E+03,1.952511E-01,1.135997E+04,4.809838E-02,0.000000E+00,0.000000E+00,2.853258E-02,1.918677E+02,2.920059E-01,6.017552E+03,3.847764E+03,1.192853E-01,6.940177E+03,2.853258E-02,0.000000E+00,0.000000E+00,4.809838E-02,3.234382E+02,4.536335E-01,9.348315E+03,5.977532E+03,1.941805E-01,1.129768E+04,4.809838E-02,0.000000E+00,0.000000E+00,2.853258E-02,1.918677E+02,3.772433E-01,7.774094E+03,4.970939E+03,1.192853E-01,6.940177E+03,2.853258E-02,0.000000E+00,0.000000E+00
15:50:00,6.344891E-02,4.360992E+02,4.906291E-01,1.003774E+04,6.391028E+03,9.631960E-02,5.604001E+03,6.344891E-02,0.000000E+00,0.000000E+00,4.809838E-02,3.305914E+02,4.743320E-01,9.704322E+03,6.178740E+03,1.952507E-01,1.135994E+04,4.809838E-02,0.000000E+00,0.000000E+00,2.853258E-02,1.961111E+02,2.911751E-01,5.957128E+03,3.792902E+03,1.192851E-01,6.940161E+03,2.853258E-02,0.000000E+00,0.000000E+00,4.809838E-02,3.305914E+02,4.532871E-01,9.273765E+03,5.904604E+03,1.941801E-01,1.129765E+04,4.809838E-02,0.000000E+00,0.000000E+00,2.853258E-02,1.961111E+02,3.860158E-01,7.897466E+03,5.028315E+03,1.192851E-01,6.940161E+03,2.853258E-02,0.000000E+00,0.000000E+00
16:00:00,6.344891E-02,4.455352E+02,4.909057E-01,9.970393E+03,6.320609E+03,9.631947E-02,5.603993E+03,6.344891E-02,0.000000E+00,0.000000E+00,4.809838E-02,3.377445E+02,4.729721E-01,9.606159E+03,6.089707E+03,1.952503E-01,1.135992E+04,4.809838E-02,0.000000E+00,0.000000E+00,2.853258E-02,2.003544E+02,2.902335E-01,5.894702E+03,3.736874E+03,1.192848E-01,6.940145E+03,2.853258E-02,0.000000E+00,0.000000E+00,4.809838E-02,3.377445E+02,4.527171E-01,9.194775E+03,5.828915E+03,1.941797E-01,1.129763E+04,4.809838E-02,0.000000E+00,0.000000E+00,2.853258E-02,2.003544E+02,3.938287E-01,7.998739E+03,5.070703E+03,1.192848E-01,6.940145E+03,2.853258E-02,0.000000E+00,0.000000E+00
16:10:00,6.344891E-02,4.581166E+02,4.910832E-01,9.876621E+03,6.224137E+03,9.631934E-02,5.603985E+03,6.344891E-02,0.000000E+00,0.000000E+00,4.809838E-02,3.472821E+02,4.715139E-01,9.483044E+03,5.976109E+03,1.952499E-01,1.135990E+04,4.809838E-02,0.000000E+00,0.000000E+00,2.853258E-02,2.060122E+02,2.891950E-01,5.816264E+03,3.665345E+03,1.192845E-01,6.940130E+03,2.853258E-02,0.000000E+00,0.000000E+00,4.809838E-02,3.472821E+02,4.519482E-01,9.089541E+03,5.728128E+03,1.941793E-01,1.129761E+04,4.809838E-02,0.000000E+00,0.000000E+00,2.853258E-02,2.060122E+02,4.005994E-01,8.056819E+03,5.077318E+03,1.192845E-01,6.940130E+03,2.853258E-02,0.000000E+00,0.000000E+00
16:20:00,6.344891E-02,4.706980E+02,4.911898E-01,9.781367E+03,6.126726E+03,9.631921E-02,5.603978E+03,6.344891E-02,0.000000E+00,0.000000E+00,4.809838E-02,3.568196E+02,4.700775E-01,9.360944E+03,5.863387E+03,1.952496E-01,1.135988E+04,4.809838E-02,0.000000E+00,0.000000E+00,2.853258E-02,2.116700E+02,2.881312E-01,5.737734E+03,3.593928E+03,1.192843E-01,6.940116E+03,2.853258E-02,0.000000E+00,0.000000E+00,4.809838E-02,3.568196E+02,4.510996E-01,8.983025E+03,5.626671E+03,1.941789E-01,1.129758E+04,4.809838E-02,0.000000E+00,0.000000E+00,2.853258E-02,2.116700E+02,4.063155E-01,8.091211E+03,5.068068E+03,1.192843E-01,6.940116E+03,2.853258E-02,0.000000E+00,0.000000E+00
16:30:00,6.344891E-02,4.832795E+02,4.911986E-01,9.684140E+03,6.028071E+03,9.631908E-02,5.603971E+03,6.344891E-02,0.000000E+00,0.000000E+00,4.809838E-02,3.663571E+02,4.685369E-01,9.237358E+03,5.749963E+03,1.952492E-01,1.135985E+04,4.809838E-02,0.000000E+00,0.000000E+00,2.853258E-02,2.173278E+02,2.869900E-01,5.658102E+03,3.521990E+03,1.192840E-01,6.940101E+03,2.853258E-02,0.000000E+00,0.000000E+00,4.809838E-02,3.663571E+02,4.503110E-01,8.878027E+03,5.526291E+03,1.941785E-01,1.129756E+04,4.809838E-02,0.000000E+00,0.000000E+00,2.853258E-02,2.173278E+02,4.111942E-01,8.106828E+03,5.046244E+03,1.192840E-01,6.940101E+03,2.853258E-02,0.000000E+00,0.000000E+00
16:40:00,6.344891E-02,4.958609E+02,4.911125E-01,9.585058E+03,5.928267E+03,9.631896E-02,5.603963E+03,6.344891E-02,0.000000E+00,0.000000E+00,4.809838E-02,3.758947E+02,4.668708E-01,9.111933E+03,5.635644E+03,1.952488E-01,1.135983E+04,4.809838E-02,0.000000E+00,0.000000E+00,2.853258E-02,2.229855E+02,2.857620E-01,5.577226E+03,3.449461E+03,1.192838E-01,6.940087E+03,2.853258E-02,0.000000E+00,0.000000E+00,4.809838E-02,3.758947E+02,4.493527E-01,8.770032E+03,5.424182E+03,1.941782E-01,1.129754E+04,4.809838E-02,0.000000E+00,0.000000E+00,2.853258E-02,2.229855E+02,4.152732E-01,8.104900E+03,5.012804E+03,1.192838E-01,6.940087E+03,2.853258E-02,0.000000E+00,0.000000E+00
16:50:00,6.344891E-02,5.084423E+02,4.909316E-01,9.484181E+03,5.827375E+03,9.631884E-02,5.603956E+03,6.344891E-02,0.000000E+00,0.000000E+00,4.809838E-02,3.854322E+02,4.653023E-01,8.989055E+03,5.523154E+03,1.952485E-01,1.135981E+04,4.809838E-02,0.000000E+00,0.000000E+00,2.853258E-02,2.286433E+02,2.843082E-01,5.492477E+03,3.374748E+03,1.192836E-01,6.940074E+03,2.853258E-02,0.000000E+00,0.000000E+00,4.809838E-02,3.854322E+02,4.482262E-01,8.659166E+03,5.320460E+03,1.941778E-01,1.129752E+04,4.809838E-02,0.000000E+00,0.000000E+00,2.853258E-02,2.286433E+02,4.185324E-01,8.085519E+03,4.967993E+03,1.192836E-01,6.940074E+03,2.853258E-02,0.000000E+00,0.000000E+00
17:00:00,6.344891E-02,5.210237E+02,4.906563E-01,9.381569E+03,5.725445E+03,9.631872E-02,5.603950E+03,6.344891E-02,0.000000E+00,0.000000E+00,4.809838E-02,3.949697E+02,4.636018E-01,8.864274E+03,5.409747E+03,1.952481E-01,1.135979E+04,4.809838E-02,0.000000E+00,0.000000E+00,2.853258E-02,2.343011E+02,2.827571E-01,5.406443E+03,3.299479E+03,1.192833E-01,6.940061E+03,2.853258E-02,0.000000E+00,0.000000E+00,4.809838E-02,3.949697E+02,4.469636E-01,8.546145E+03,5.215597E+03,1.941774E-01,1.129750E+04,4.809838E-02,0.000000E+00,0.000000E+00,2.853258E-02,2.343011E+02,4.209446E-01,8.048650E+03,4.911983E+03,1.192833E-01,6.940061E+03,2.853258E-02,0.000000E+00,0.000000E+00
17:10:00,6.344891E-02,5.367505E+02,4.902977E-01,9.253185E+03,5.598034E+03,9.631861E-02,5.603943E+03,6.344891E-02,0.000000E+00,0.000000E+00,4.809838E-02,4.068916E+02,4.617601E-01,8.714607E+03,5.272202E+03,1.952478E-01,1.135977E+04,4.809838E-02,0.000000E+00,0.000000E+00,2.853258E-02,2.413734E+02,2.811165E-01,5.305395E+03,3.209682E+03,1.192831E-01,6.940048E+03,2.853258E-02,0.000000E+00,0.000000E+00,4.809838E-02,4.068916E+02,4.457111E-01,8.411720E+03,5.088960E+03,1.941771E-01,1.129748E+04,4.809838E-02,0.000000E+00,0.000000E+00,2.853258E-02,2.413734E+02,4.223360E-01,7.970571E+03,4.822072E+03,1.192831E-01,6.940048E+03,2.853258E-02,0.000000E+00,0.000000E+00
17:20:00,6.344891E-02,5.524773E+02,4.898767E-01,9.123815E+03,5.470099E+03,9.631849E-02,5.603936E+03,6.344891E-02,0.000000E+00,0.000000E+00,4.809838E-02,4.188135E+02,4.597486E-01,8.562688E+03,5.133680E+03,1.952475E-01,1.135975E+04,4.809838E-02,0.000000E+00,0.000000E+00,2.853258E-02,2.484456E+02,2.793818E-01,5.203408E+03,3.119655E+03,1.192829E-01,6.940035E+03,2.853258E-02,0.000000E+00,0.000000E+00,4.809838E-02,4.188135E+02,4.447873E-01,8.284038E+03,4.966618E+03,1.941768E-01,1.129746E+04,4.809838E-02,0.000000E+00,0.000000E+00,2.853258E-02,2.484456E+02,4.226832E-01,7.872357E+03,4.719798E+03,1.192829E-01,6.940035E+03,2.853258E-02,0.000000E+00,0.000000E+00
17:30:00,6.344891E-02,5.682040E+02,4.894244E-01,8.994081E+03,5.342043E+03,9.631838E-02,5.603930E+03,6.344891E-02,0.000000E+00,0.000000E+00,4.809838E-02,4.307355E+02,4.575458E-01,8.408253E+03,4.994090E+03,1.952472E-01,1.135974E+04,4.809838E-02,0.000000E+00,0.000000E+00,2.853258E-02,2.555178E+02,2.775557E-01,5.100600E+03,3.029507E+03,1.192827E-01,6.940023E+03,2.853258E-02,0.000000E+00,0.000000E+00,4.809838E-02,4.307355E+02,4.443035E-01,8.164901E+03,4.849551E+03,1.941764E-01,1.129744E+04,4.809838E-02,0.000000E+00,0.000000E+00,2.853258E-02,2.555178E+02,4.219995E-01,7.755024E+03,4.606104E+03,1.192827E-01,6.940023E+03,2.853258E-02,0.000000E+00,0.000000E+00
17:40:00,6.344891E-02,5.839308E+02,4.889642E-01,8.864426E+03,5.214122E+03,9.631828E-02,5.603924E+03,6.344891E-02,0.000000E+00,0.000000E+00,4.809838E-02,4.426574E+02,4.550366E-01,8.249354E+03,4.852332E+03,1.952469E-01,1.135972E+04,4.809838E-02,0.000000E+00,0.000000E+00,2.853258E-02,2.625900E+02,2.755889E-01,4.996147E+03,2.938771E+03,1.192825E-01,6.940011E+03,2.853258E-02,0.000000E+00,0.000000E+00,4.809838E-02,4.426574E+02,4.441738E-01,8.052422E+03,4.736495E+03,1.941761E-01,1.129742E+04,4.809838E-02,0.000000E+00,0.000000E+00,2.853258E-02,2.625900E+02,4.200053E-01,7.614271E+03,4.478771E+03,1.192825E-01,6.940011E+03,2.853258E-02,0.000000E+00,0.000000E+00
17:50:00,6.344891E-02,5.996576E+02,4.885064E-01,8.735044E+03,5.086467E+03,9.631817E-02,5.603918E+03,6.344891E-02,0.000000E+00,0.000000E+00,4.809838E-02,4.545793E+02,4.522732E-01,8.087153E+03,4.709197E+03,1.952466E-01,1.135970E+04,4.809838E-02,0.000000E+00,0.000000E+00,2.853258E-02,2.696623E+02,2.735220E-01,4.890880E+03,2.847988E+03,1.192823E-01,6.939999E+03,2.853258E-02,0.000000E+00,0.000000E+00,4.809838E-02,4.545793E+02,4.444741E-01,7.947696E+03,4.627990E+03,1.941758E-01,1.129740E+04,4.809838E-02,0.000000E+00,0.000000E+00,2.853258E-02,2.696623E+02,4.168949E-01,7.454549E+03,4.340828E+03,1.192823E-01,6.939999E+03,2.853258E-02,0.000000E+00,0.000000E+00
18:00:00,6.344891E-02,6.153844E+02,4.880525E-01,8.605956E+03,4.959073E+03,9.631807E-02,5.603912E+03,6.344891E-02,0.000000E+00,0.000000E+00,4.809838E-02,4.665012E+02,4.492692E-01,7.922080E+03,4.564998E+03,1.952463E-01,1.135968E+04,4.809838E-02,0.000000E+00,0.000000E+00,2.853258E-02,2.767345E+02,2.713713E-01,4.785161E+03,2.757388E+03,1.192821E-01,6.939988E+03,2.853258E-02,0.000000E+00,0.000000E+00,4.809838E-02,4.665012E+02,4.451231E-01,7.848970E+03,4.522870E+03,1.941755E-01,1.129739E+04,4.809838E-02,0.000000E+00,0.000000E+00,2.853258E-02,2.767345E+02,4.127073E-01,7.277375E+03,4.193495E+03,1.192821E-01,6.939988E+03,2.853258E-02,0.000000E+00,0.000000E+00
18:10:00,6.344891E-02,6.389745E+02,4.875956E-01,8.416613E+03,4.770613E+03,9.631797E-02,5.603906E+03,6.344891E-02,0.000000E+00,0.000000E+00,4.809838E-02,4.843841E+02,4.459991E-01,7.698596E+03,4.363634E+03,2.062183E-01,1.199805E+04,4.809838E-02,0.000000E+00,0.000000E+00,2.853258E-02,2.873429E+02,2.691281E-01,4.645544E+03,2.633136E+03,1.265967E-01,7.365564E+03,2.853258E-02,0.000000E+00,0.000000E+00,4.809838E-02,4.843841E+02,4.457302E-01,7.693955E+03,4.361003E+03,2.055517E-01,1.195927E+04,4.809838E-02,0.000000E+00,0.000000E+00,2.853258E-02,2.873429E+02,4.075564E-01,7.035018E+03,3.987512E+03,1.265967E-01,7.365564E+03,2.853258E-02,0.000000E+00,0.000000E+00
18:20:00,6.344891E-02,6.625647E+02,4.870885E-01,8.226760E+03,4.582016E+03,9.631787E-02,5.603900E+03,6.344891E-02,0.000000E+00,0.000000E+00,4.809838E-02,5.022669E+02,4.424691E-01,7.473155E+03,4.162284E+03,2.171944E-01,1.263665E+04,4.809838E-02,0.000000E+00,0.000000E+00,2.853258E-02,2.979512E+02,2.669339E-01,4.508424E+03,2.511034E+03,1.339142E-01,7.791301E+03,2.853258E-02,0.000000E+00,0.000000E+00,4.809838E-02,5.022669E+02,4.458360E-01,7.530021E+03,4.193956E+03,2.169323E-01,1.262140E+04,4.809838E-02,0.000000E+00,0.000000E+00,2.853258E-02,2.979512E+02,4.013943E-01,6.779415E+03,3.775896E+03,1.339142E-01,7.791301E+03,2.853258E-02,0.000000E+00,0.000000E+00
18:30:00,6.344891E-02,6.861548E+02,4.864823E-01,8.035649E+03,4.392917E+03,9.631779E-02,5.603895E+03,6.344891E-02,0.000000E+00,0.000000E+00,4.809838E-02,5.201498E+02,4.386887E-01,7.246201E+03,3.961343E+03,2.281742E-01,1.327548E+04,4.809838E-02,0.000000E+00,0.000000E+00,2.853258E-02,3.085596E+02,2.646636E-01,4.371679E+03,2.389903E+03,1.412340E-01,8.217177E+03,2.853258E-02,0.000000E+00,0.000000E+00,4.809838E-02,5.201498E+02,4.451904E-01,7.353596E+03,4.020053E+03,2.283166E-01,1.328376E+04,4.809838E-02,0.000000E+00,0.000000E+00,2.853258E-02,3.085596E+02,3.941552E-01,6.510603E+03,3.559207E+03,1.412340E-01,8.217177E+03,2.853258E-02,0.000000E+00,0.000000E+00
18:40:00,6.344891E-02,7.097450E+02,4.857309E-01,7.842645E+03,4.203021E+03,9.631775E-02,5.603893E+03,6.344891E-02,0.000000E+00,0.000000E+00,4.809838E-02,5.380327E+02,4.349929E-01,7.023425E+03,3.763986E+03,2.391594E-01,1.391461E+04,4.809838E-02,0.000000E+00,0.000000E+00,2.853258E-02,3.191679E+02,2.623700E-01,4.236243E+03,2.270282E+03,1.485572E-01,8.643251E+03,2.853258E-02,0.000000E+00,0.000000E+00,4.809838E-02,5.380327E+02,4.439426E-01,7.167927E+03,3.841427E+03,2.397064E-01,1.394643E+04,4.809838E-02,0.000000E+00,0.000000E+00,2.853258E-02,3.191679E+02,3.861977E-01,6.235574E+03,3.341761E+03,1.485572E-01,8.643251E+03,2.853258E-02,0.000000E+00,0.000000E+00
18:50:00,6.344891E-02,7.333351E+02,4.848010E-01,7.647381E+03,4.012206E+03,9.631783E-02,5.603898E+03,6.344891E-02,0.000000E+00,0.000000E+00,4.809838E-02,5.559155E+02,4.308433E-01,6.796239E+03,3.565653E+03,2.501482E-01,1.455395E+04,4.809838E-02,0.000000E+00,0.000000E+00,2.853258E-02,3.297762E+02,2.599984E-01,4.101285E+03,2.151743E+03,1.558826E-01,9.069456E+03,2.853258E-02,0.000000E+00,0.000000E+00,4.809838E-02,5.559155E+02,4.416014E-01,6.965939E+03,3.654687E+03,2.510998E-01,1.460932E+04,4.809838E-02,0.000000E+00,0.000000E+00,2.853258E-02,3.297762E+02,3.768921E-01,5.945198E+03,3.119154E+03,1.558826E-01,9.069456E+03,2.853258E-02,0.000000E+00,0.000000E+00
19:00:00,6.344891E-02,7.569253E+02,4.836653E-01,7.449642E+03,3.820477E+03,9.631806E-02,5.603911E+03,6.344891E-02,0.000000E+00,0.000000E+00,4.809838E-02,5.737984E+02,4.264632E-01,6.568587E+03,3.368637E+03,2.611396E-01,1.519344E+04,4.809838E-02,0.000000E+00,0.000000E+00,2.853258E-02,3.403846E+02,2.575440E-01,3.966814E+03,2.034342E+03,1.632098E-01,9.495759E+03,2.853258E-02,0.000000E+00,0.000000E+00,4.809838E-02,5.737984E+02,4.378957E-01,6.744676E+03,3.458942E+03,2.624960E-01,1.527236E+04,4.809838E-02,0.000000E+00,0.000000E+00,2.853258E-02,3.403846E+02,3.662220E-01,5.640724E+03,2.892791E+03,1.632098E-01,9.495759E+03,2.853258E-02,0.000000E+00,0.000000E+00
19:10:00,6.344891E-02,7.742248E+02,4.823053E-01,7.297192E+03,3.676402E+03,9.631851E-02,5.603937E+03,6.344891E-02,0.000000E+00,0.000000E+00,4.809838E-02,5.869125E+02,4.224091E-01,6.390975E+03,3.219840E+03,2.611609E-01,1.519468E+04,4.809838E-02,0.000000E+00,0.000000E+00,2.853258E-02,3.481640E+02,2.553525E-01,3.863438E+03,1.946440E+03,1.632235E-01,9.496556E+03,2.853258E-02,0.000000E+00,0.000000E+00,4.809838E-02,5.869125E+02,4.336132E-01,6.560491E+03,3.305244E+03,2.625179E-01,1.527364E+04,4.809838E-02,0.000000E+00,0.000000E+00,2.853258E-02,3.481640E+02,3.547766E-01,5.367706E+03,2.704307E+03,1.632235E-01,9.496556E+03,2.853258E-02,0.000000E+00,0.000000E+00
19:20:00,6.344891E-02,7.915242E+02,4.807229E-01,7.142182E+03,3.531445E+03,9.631920E-02,5.603977E+03,6.344891E-02,0.000000E+00,0.000000E+00,4.809838E-02,6.000266E+02,4.182162E-01,6.213509E+03,3.072264E+03,2.611800E-01,1.519580E+04,4.809838E-02,0.000000E+00,0.000000E+00,2.853258E-02,3.559435E+02,2.529558E-01,3.758208E+03,1.858242E+03,1.632356E-01,9.497262E+03,2.853258E-02,0.000000E+00,0.000000E+00,4.809838E-02,6.000266E+02,4.283412E-01,6.363938E+03,3.146643E+03,2.625374E-01,1.527477E+04,4.809838E-02,0.000000E+00,0.000000E+00,2.853258E-02,3.559435E+02,3.426121E-01,5.090246E+03,2.516868E+03,1.632356E-01,9.497262E+03,2.853258E-02,0.000000E+00,0.000000E+00
19:30:00,6.344891E-02,8.088237E+02,4.789310E-01,6.984978E+03,3.385884E+03,9.632012E-02,5.604031E+03,6.344891E-02,0.000000E+00,0.000000E+00,4.809838E-02,6.131407E+02,4.139084E-01,6.036654E+03,2.926195E+03,2.611969E-01,1.519678E+04,4.809838E-02,0.000000E+00,0.000000E+00,2.853258E-02,3.637230E+02,2.504802E-01,3.653133E+03,1.770812E+03,1.632464E-01,9.497890E+03,2.853258E-02,0.000000E+00,0.000000E+00,4.809838E-02,6.131407E+02,4.225089E-01,6.162089E+03,2.986998E+03,2.625547E-01,1.527578E+04,4.809838E-02,0.000000E+00,0.000000E+00,2.853258E-02,3.637230E+02,3.304115E-01,4.818893E+03,2.335900E+03,1.632464E-01,9.497890E+03,2.853258E-02,0.000000E+00,0.000000E+00
19:40:00,6.344891E-02,8.261231E+02,4.769714E-01,6.826351E+03,3.240174E+03,9.632125E-02,5.604097E+03,6.344891E-02,0.000000E+00,0.000000E+00,4.809838E-02,6.262548E+02,4.094017E-01,5.859303E+03,2.781158E+03,2.612099E-01,1.519754E+04,4.809838E-02,0.000000E+00,0.000000E+00,2.853258E-02,3.715024E+02,2.479913E-01,3.549218E+03,1.684661E+03,1.632547E-01,9.498374E+03,2.853258E-02,0.000000E+00,0.000000E+00,4.809838E-02,6.262548E+02,4.163198E-01,5.958313E+03,2.828154E+03,2.625680E-01,1.527655E+04,4.809838E-02,0.000000E+00,0.000000E+00,2.853258E-02,3.715024E+02,3.185805E-01,4.559481E+03,2.164189E+03,1.632547E-01,9.498374E+03,2.853258E-02,0.000000E+00,0.000000E+00
19:50:00,6.344891E-02,8.434226E+02,4.749167E-01,6.667457E+03,3.094929E+03,9.632252E-02,5.604171E+03,6.344891E-02,0.000000E+00,0.000000E+00,4.809838E-02,6.393689E+02,4.050428E-01,5.686482E+03,2.639576E+03,2.612205E-01,1.519815E+04,4.809838E-02,0.000000E+00,0.000000E+00,2.853258E-02,3.792819E+02,2.455481E-01,3.447302E+03,1.600183E+03,1.632616E-01,9.498772E+03,2.853258E-02,0.000000E+00,0.000000E+00,4.809838E-02,6.393689E+02,4.102981E-01,5.760263E+03,2.673823E+03,2.625789E-01,1.527718E+04,4.809838E-02,0.000000E+00,0.000000E+00,2.853258E-02,3.792819E+02,3.078738E-01,4.322307E+03,2.006347E+03,1.632616E-01,9.498772E+03,2.853258E-02,0.000000E+00,0.000000E+00
20:00:00,6.344891E-02,8.607220E+02,4.728214E-01,6.509125E+03,2.950567E+03,9.632387E-02,5.604249E+03,6.344891E-02,0.000000E+00,0.000000E+00,4.809838E-02,6.524830E+02,4.008749E-01,5.518669E+03,2.501597E+03,2.612295E-01,1.519867E+04,4.809838E-02,0.000000E+00,0.000000E+00,2.853258E-02,3.870613E+02,2.431676E-01,3.347582E+03,1.517449E+03,1.632674E-01,9.499113E+03,2.853258E-02,0.000000E+00,0.000000E+00,4.809838E-02,6.524830E+02,4.048291E-01,5.573105E+03,2.526272E+03,2.625880E-01,1.527771E+04,4.809838E-02,0.000000E+00,0.000000E+00,2.853258E-02,3.870613E+02,2.985305E-01,4.109738E+03,1.862932E+03,1.632674E-01,9.499113E+03,2.853258E-02,0.000000E+00,0.000000E+00
20:10:00,6.344891E-02,8.748761E+02,4.707492E-01,6.375585E+03,2.831163E+03,9.632522E-02,5.604328E+03,6.344891E-02,0.000000E+00,0.000000E+00,4.809838E-02,6.632127E+02,3.964752E-01,5.369655E+03,2.384467E+03,2.612372E-01,1.519912E+04,4.809838E-02,0.000000E+00,0.000000E+00,2.853258E-02,3.934263E+02,2.405662E-01,3.258104E+03,1.446805E+03,1.632725E-01,9.499409E+03,2.853258E-02,0.000000E+00,0.000000E+00,4.809838E-02,6.632127E+02,3.994840E-01,5.410405E+03,2.402563E+03,2.625958E-01,1.527817E+04,4.809838E-02,0.000000E+00,0.000000E+00,2.853258E-02,3.934263E+02,2.902779E-01,3.931374E+03,1.745779E+03,1.632725E-01,9.499409E+03,2.853258E-02,0.000000E+00,0.000000E+00
20:20:00,6.344891E-02,8.890302E+02,4.687577E-01,6.244043E+03,2.713164E+03,9.632655E-02,5.604405E+03,6.344891E-02,0.000000E+00,0.000000E+00,4.809838E-02,6.739425E+02,3.923827E-01,5.226697E+03,2.271106E+03,2.612438E-01,1.519951E+04,4.809838E-02,0.000000E+00,0.000000E+00,2.853258E-02,3.997913E+02,2.381046E-01,3.171649E+03,1.378146E+03,1.632769E-01,9.499666E+03,2.853258E-02,0.000000E+00,0.000000E+00,4.809838E-02,6.739425E+02,3.948804E-01,5.259967E+03,2.285563E+03,2.626026E-01,1.527856E+04,4.809838E-02,0.000000E+00,0.000000E+00,2.853258E-02,3.997913E+02,2.833365E-01,3.774157E+03,1.639948E+03,1.632769E-01,9.499666E+03,2.853258E-02,0.000000E+00,0.000000E+00
20:30:00,6.344891E-02,9.031843E+02,4.668912E-01,6.115027E+03,2.596761E+03,9.632782E-02,5.604479E+03,6.344891E-02,0.000000E+00,0.000000E+00,4.809838E-02,6.846722E+02,3.886285E-01,5.089995E+03,2.161479E+03,2.612495E-01,1.519984E+04,4.809838E-02,0.000000E+00,0.000000E+00,2.853258E-02,4.061563E+02,2.358123E-01,3.088510E+03,1.311543E+03,1.632808E-01,9.499889E+03,2.853258E-02,0.000000E+00,0.000000E+00,4.809838E-02,6.846722E+02,3.907930E-01,5.118343E+03,2.173517E+03,2.626084E-01,1.527890E+04,4.809838E-02,0.000000E+00,0.000000E+00,2.853258E-02,4.061563E+02,2.772764E-01,3.631579E+03,1.542159E+03,1.632808E-01,9.499889E+03,2.853258E-02,0.000000E+00,0.000000E+00
20:40:00,6.344891E-02,9.173384E+02,4.651329E-01,5.988237E+03,2.481780E+03,9.632902E-02,5.604549E+03,6.344891E-02,0.000000E+00,0.000000E+00,4.809838E-02,6.954019E+02,3.851125E-01,4.958034E+03,2.054820E+03,2.612545E-01,1.520013E+04,4.809838E-02,0.000000E+00,0.000000E+00,2.853258E-02,4.125214E+02,2.336355E-01,3.007881E+03,1.246594E+03,1.632841E-01,9.500083E+03,2.853258E-02,0.000000E+00,0.000000E+00,4.809838E-02,6.954019E+02,3.869870E-01,4.982167E+03,2.064822E+03,2.626135E-01,1.527920E+04,4.809838E-02,0.000000E+00,0.000000E+00,2.853258E-02,4.125214E+02,2.717954E-01,3.499162E+03,1.450201E+03,1.632841E-01,9.500083E+03,2.853258E-02,0.000000E+00,0.000000E+00
20:50:00,6.344891E-02,9.314925E+02,4.635054E-01,5.863885E+03,2.368263E+03,9.633014E-02,5.604614E+03,6.344891E-02,0.000000E+00,0.000000E+00,4.809838E-02,7.061316E+02,3.818184E-01,4.830450E+03,1.950887E+03,2.612588E-01,1.520038E+04,4.809838E-02,0.000000E+00,0.000000E+00,2.853258E-02,4.188864E+02,2.315750E-01,2.929695E+03,1.183224E+03,1.632870E-01,9.500253E+03,2.853258E-02,0.000000E+00,0.000000E+00,4.809838E-02,7.061316E+02,3.834335E-01,4.850882E+03,1.959139E+03,2.626179E-01,1.527945E+04,4.809838E-02,0.000000E+00,0.000000E+00,2.853258E-02,4.188864E+02,2.667937E-01,3.375252E+03,1.363172E+03,1.632870E-01,9.500253E+03,2.853258E-02,0.000000E+00,0.000000E+00
21:00:00,6.344891E-02,9.456466E+02,4.619847E-01,5.741588E+03,2.256005E+03,9.633119E-02,5.604675E+03,6.344891E-02,0.000000E+00,0.000000E+00,4.809838E-02,7.168613E+02,3.787192E-01,4.706757E+03,1.849396E+03,2.612625E-01,1.520060E+04,4.809838E-02,0.000000E+00,0.000000E+00,2.853258E-02,4.252514E+02,2.296190E-01,2.853726E+03,1.121296E+03,1.632896E-01,9.500402E+03,2.853258E-02,0.000000E+00,0.000000E+00,4.809838E-02,7.168613E+02,3.800971E-01,4.723881E+03,1.856124E+03,2.626218E-01,1.527968E+04,4.809838E-02,0.000000E+00,0.000000E+00,2.853258E-02,4.252514E+02,2.622114E-01,3.258788E+03,1.280455E+03,1.632896E-01,9.500402E+03,2.853258E-02,0.000000E+00,0.000000E+00
21:10:00,6.344891E-02,9.598007E+02,4.605636E-01,5.621185E+03,2.144900E+03,9.633215E-02,5.604731E+03,6.344891E-02,0.000000E+00,0.000000E+00,4.809838E-02,7.275911E+02,3.757759E-01,4.586350E+03,1.750033E+03,2.612659E-01,1.520079E+04,4.809838E-02,0.000000E+00,0.000000E+00,2.853258E-02,4.316164E+02,2.277456E-01,2.779638E+03,1.060639E+03,1.632919E-01,9.500534E+03,2.853258E-02,0.000000E+00,0.000000E+00,4.809838E-02,7.275911E+02,3.769371E-01,4.600523E+03,1.755441E+03,2.626252E-01,1.527988E+04,4.809838E-02,0.000000E+00,0.000000E+00,2.853258E-02,4.316164E+02,2.579927E-01,3.148804E+03,1.201503E+03,1.632919E-01,9.500534E+03,2.853258E-02,0.000000E+00,0.000000E+00
21:20:00,6.344891E-02,9.739548E+02,4.592244E-01,5.502396E+03,2.034800E+03,9.633305E-02,5.604783E+03,6.344891E-02,0.000000E+00,0.000000E+00,4.809838E-02,7.383208E+02,3.729572E-01,4.468748E+03,1.652554E+03,2.612688E-01,1.520096E+04,4.809838E-02,0.000000E+00,0.000000E+00,2.853258E-02,4.379814E+02,2.259451E-01,2.707260E+03,1.001151E+03,1.632939E-01,9.500651E+03,2.853258E-02,0.000000E+00,0.000000E+00,4.809838E-02,7.383208E+02,3.739332E-01,4.480443E+03,1.656879E+03,2.626282E-01,1.528005E+04,4.809838E-02,0.000000E+00,0.000000E+00,2.853258E-02,4.379814E+02,2.540918E-01,3.044511E+03,1.125868E+03,1.632939E-01,9.500651E+03,2.853258E-02,0.000000E+00,0.000000E+00
21:30:00,6.344891E-02,9.881089E+02,4.579559E-01,5.385037E+03,1.925604E+03,9.633387E-02,5.604831E+03,6.344891E-02,0.000000E+00,0.000000E+00,4.809838E-02,7.490505E+02,3.702549E-01,4.353774E+03,1.556840E+03,2.612714E-01,1.520112E+04,4.809838E-02,0.000000E+00,0.000000E+00,2.853258E-02,4.443464E+02,2.242041E-01,2.636384E+03,9.427291E+02,1.632957E-01,9.500756E+03,2.853258E-02,0.000000E+00,0.000000E+00,4.809838E-02,7.490505E+02,3.710564E-01,4.363198E+03,1.560210E+03,2.626309E-01,1.528021E+04,4.809838E-02,0.000000E+00,0.000000E+00,2.853258E-02,4.443464E+02,2.504739E-01,2.945286E+03,1.053188E+03,1.632957E-01,9.500756E+03,2.853258E-02,0.000000E+00,0.000000E+00
21:40:00,6.344891E-02,1.002263E+03,4.568317E-01,5.269908E+03,1.817557E+03,9.633463E-02,5.604875E+03,6.344891E-02,0.000000E+00,0.000000E+00,4.809838E-02,7.597802E+02,3.676911E-01,4.241602E+03,1.462901E+03,2.612738E-01,1.520125E+04,4.809838E-02,0.000000E+00,0.000000E+00,2.853258E-02,4.507114E+02,2.225462E-01,2.567244E+03,8.854255E+02,1.632973E-01,9.500850E+03,2.853258E-02,0.000000E+00,0.000000E+00,4.809838E-02,7.597802E+02,3.683429E-01,4.249121E+03,1.465494E+03,2.626333E-01,1.528035E+04,4.809838E-02,0.000000E+00,0.000000E+00,2.853258E-02,4.507114E+02,2.471290E-01,2.850825E+03,9.832307E+02,1.632973E-01,9.500850E+03,2.853258E-02,0.000000E+00,0.000000E+00
21:50:00,6.344891E-02,1.016417E+03,4.557207E-01,5.155430E+03,1.710068E+03,9.633533E-02,5.604916E+03,6.344891E-02,0.000000E+00,0.000000E+00,4.809838E-02,7.705099E+02,3.651889E-01,4.131271E+03,1.370352E+03,2.612759E-01,1.520137E+04,4.809838E-02,0.000000E+00,0.000000E+00,2.853258E-02,4.570764E+02,2.209228E-01,2.499233E+03,8.290010E+02,1.632987E-01,9.500934E+03,2.853258E-02,0.000000E+00,0.000000E+00,4.809838E-02,7.705099E+02,3.657038E-01,4.137097E+03,1.372284E+03,2.626354E-01,1.528048E+04,4.809838E-02,0.000000E+00,0.000000E+00,2.853258E-02,4.570764E+02,2.439891E-01,2.760175E+03,9.155562E+02,1.632987E-01,9.500934E+03,2.853258E-02,0.000000E+00,0.000000E+00
22:00:00,6.344891E-02,1.030571E+03,4.546924E-01,5.042366E+03,1.603374E+03,9.633598E-02,5.604954E+03,6.344891E-02,0.000000E+00,0.000000E+00,4.809838E-02,7.812397E+02,3.627741E-01,4.023027E+03,1.279244E+03,2.612778E-01,1.520149E+04,4.809838E-02,0.000000E+00,0.000000E+00,2.853258E-02,4.634414E+02,2.193519E-01,2.432529E+03,7.734966E+02,1.633000E-01,9.501010E+03,2.853258E-02,0.000000E+00,0.000000E+00,4.809838E-02,7.812397E+02,3.631734E-01,4.027454E+03,1.280652E+03,2.626374E-01,1.528059E+04,4.809838E-02,0.000000E+00,0.000000E+00,2.853258E-02,4.634414E+02,2.410515E-01,2.673170E+03,8.500157E+02,1.633000E-01,9.501010E+03,2.853258E-02,0.000000E+00,0.000000E+00
22:10:00,6.344891E-02,1.041580E+03,4.468464E-01,4.877827E+03,1.497103E+03,9.633657E-02,5.604988E+03,6.344891E-02,0.000000E+00,0.000000E+00,4.809838E-02,7.895850E+02,3.551546E-01,3.876908E+03,1.189901E+03,2.612795E-01,1.520159E+04,4.809838E-02,0.000000E+00,0.000000E+00,2.853258E-02,4.683920E+02,2.146898E-01,2.343578E+03,7.192914E+02,1.633012E-01,9.501080E+03,2.853258E-02,0.000000E+00,0.000000E+00,4.809838E-02,7.895850E+02,3.554493E-01,3.880125E+03,1.190889E+03,2.626392E-01,1.528069E+04,4.809838E-02,0.000000E+00,0.000000E+00,2.853258E-02,4.683920E+02,2.351329E-01,2.566737E+03,7.877833E+02,1.633012E-01,9.501080E+03,2.853258E-02,0.000000E+00,0.000000E+00
22:20:00,6.344891E-02,1.052589E+03,4.389179E-01,4.715123E+03,1.393331E+03,9.633712E-02,5.605020E+03,6.344891E-02,0.000000E+00,0.000000E+00,4.809838E-02,7.979303E+02,3.474548E-01,3.732570E+03,1.102984E+03,2.612811E-01,1.520168E+04,4.809838E-02,0.000000E+00,0.000000E+00,2.853258E-02,4.733425E+02,2.099719E-01,2.255646E+03,6.665492E+02,1.633023E-01,9.501143E+03,2.853258E-02,0.000000E+00,0.000000E+00,4.809838E-02,7.979303E+02,3.476487E-01,3.734654E+03,1.103600E+03,2.626408E-01,1.528079E+04,4.809838E-02,0.000000E+00,0.000000E+00,2.853258E-02,4.733425E+02,2.292586E-01,2.462836E+03,7.277743E+02,1.633023E-01,9.501143E+03,2.853258E-02,0.000000E+00,0.000000E+00
22:30:00,6.344891E-02,1.063597E+03,4.309592E-01,4.554852E+03,1.292259E+03,9.633763E-02,5.605050E+03,6.344891E-02,0.000000E+00,0.000000E+00,4.809838E-02,8.062757E+02,3.397222E-01,3.590559E+03,1.018679E+03,2.612826E-01,1.520176E+04,4.809838E-02,0.000000E+00,0.000000E+00,2.853258E-02,4.782931E+02,2.052321E-01,2.169119E+03,6.154016E+02,1.633033E-01,9.501201E+03,2.853258E-02,0.000000E+00,0.000000E+00,4.809838E-02,8.062757E+02,3.398287E-01,3.591685E+03,1.018998E+03,2.626423E-01,1.528087E+04,4.809838E-02,0.000000E+00,0.000000E+00,2.853258E-02,4.782931E+02,2.234474E-01,2.361638E+03,6.700214E+02,1.633033E-01,9.501201E+03,2.853258E-02,0.000000E+00,0.000000E+00
22:40:00,6.344891E-02,1.074606E+03,4.229329E-01,4.396640E+03,1.193795E+03,9.633811E-02,5.605078E+03,6.344891E-02,0.000000E+00,0.000000E+00,4.809838E-02,8.146210E+02,3.319409E-01,3.450724E+03,9.369560E+02,2.612839E-01,1.520184E+04,4.809838E-02,0.000000E+00,0.000000E+00,2.853258E-02,4.832437E+02,2.004582E-01,2.083883E+03,5.658253E+02,1.633042E-01,9.501255E+03,2.853258E-02,0.000000E+00,0.000000E+00,4.809838E-02,8.146210E+02,3.319660E-01,3.450985E+03,9.370270E+02,2.626437E-01,1.528095E+04,4.809838E-02,0.000000E+00,0.000000E+00,2.853258E-02,4.832437E+02,2.176820E-01,2.262935E+03,6.144422E+02,1.633042E-01,9.501255E+03,2.853258E-02,0.000000E+00,0.000000E+00
22:50:00,6.344891E-02,1.085615E+03,4.149263E-01,4.241415E+03,1.098209E+03,9.633855E-02,5.605103E+03,6.344891E-02,0.000000E+00,0.000000E+00,4.809838E-02,8.229664E+02,3.241527E-01,3.313518E+03,8.579529E+02,2.612852E-01,1.520192E+04,4.809838E-02,0.000000E+00,0.000000E+00,2.853258E-02,4.881942E+02,1.956763E-01,2.000221E+03,5.179072E+02,1.633051E-01,9.501305E+03,2.853258E-02,0.000000E+00,0.000000E+00,4.809838E-02,8.229664E+02,3.241053E-01,3.313034E+03,8.578275E+02,2.626450E-01,1.528103E+04,4.809838E-02,0.000000E+00,0.000000E+00,2.853258E-02,4.881942E+02,2.119811E-01,2.166890E+03,5.610622E+02,1.633051E-01,9.501305E+03,2.853258E-02,0.000000E+00,0.000000E+00
23:00:00,6.344891E-02,1.096624E+03,4.068923E-01,4.088692E+03,1.005371E+03,9.633896E-02,5.605127E+03,6.344891E-02,0.000000E+00,0.000000E+00,4.809838E-02,8.313117E+02,3.163396E-01,3.178766E+03,7.816285E+02,2.612864E-01,1.520198E+04,4.809838E-02,0.000000E+00,0.000000E+00,2.853258E-02,4.931448E+02,1.908742E-01,1.918015E+03,4.716219E+02,1.633059E-01,9.501351E+03,2.853258E-02,0.000000E+00,0.000000E+00,4.809838E-02,8.313117E+02,3.162226E-01,3.177590E+03,7.813395E+02,2.626462E-01,1.528110E+04,4.809838E-02,0.000000E+00,0.000000E+00,2.853258E-02,4.931448E+02,2.063237E-01,2.073261E+03,5.097954E+02,1.633059E-01,9.501351E+03,2.853258E-02,0.000000E+00,0.000000E+00
23:10:00,6.344891E-02,1.107632E+03,4.057259E-01,4.006576E+03,9.311206E+02,9.633934E-02,5.605149E+03,6.344891E-02,0.000000E+00,0.000000E+00,4.809838E-02,8.396570E+02,3.137921E-01,3.098722E+03,7.201371E+02,2.612874E-01,1.520205E+04,4.809838E-02,0.000000E+00,0.000000E+00,2.853258E-02,4.980954E+02,1.891970E-01,1.868335E+03,4.341976E+02,1.633066E-01,9.501394E+03,2.853258E-02,0.000000E+00,0.000000E+00,4.809838E-02,8.396570E+02,3.136151E-01,3.096974E+03,7.197309E+02,2.626473E-01,1.528116E+04,4.809838E-02,0.000000E+00,0.000000E+00,2.853258E-02,4.980954E+02,2.038627E-01,2.013160E+03,4.678546E+02,1.633066E-01,9.501394E+03,2.853258E-02,0.000000E+00,0.000000E+00
23:20:00,6.344891E-02,1.118641E+03,4.046890E-01,3.926120E+03,8.575620E+02,9.633970E-02,5.605170E+03,6.344891E-02,0.000000E+00,0.000000E+00,4.809838E-02,8.480024E+02,3.113836E-01,3.020912E+03,6.598420E+02,2.612885E-01,1.520211E+04,4.809838E-02,0.000000E+00,0.000000E+00,2.853258E-02,5.030459E+02,1.876053E-01,1.820066E+03,3.975477E+02,1.633073E-01,9.501434E+03,2.853258E-02,0.000000E+00,0.000000E+00,4.809838E-02,8.480024E+02,3.111535E-01,3.018679E+03,6.593543E+02,2.626483E-01,1.528122E+04,4.809838E-02,0.000000E+00,0.000000E+00,2.853258E-02,5.030459E+02,2.015482E-01,1.955335E+03,4.270937E+02,1.633073E-01,9.501434E+03,2.853258E-02,0.000000E+00,0.000000E+00
23:30:00,6.344891E-02,1.129650E+03,4.037276E-01,3.846744E+03,7.845090E+02,9.634004E-02,5.605190E+03,6.344891E-02,0.000000E+00,0.000000E+00,4.809838E-02,8.563477E+02,3.090597E-01,2.944742E+03,6.005538E+02,2.612894E-01,1.520216E+04,4.809838E-02,0.000000E+00,0.000000E+00,2.853258E-02,5.079965E+02,1.860669E-01,1.772858E+03,3.615585E+02,1.633080E-01,9.501473E+03,2.853258E-02,0.000000E+00,0.000000E+00,4.809838E-02,8.563477E+02,3.087825E-01,2.942101E+03,6.000150E+02,2.626493E-01,1.528128E+04,4.809838E-02,0.000000E+00,0.000000E+00,2.853258E-02,5.079965E+02,1.993388E-01,1.899314E+03,3.873481E+02,1.633080E-01,9.501473E+03,2.853258E-02,0.000000E+00,0.000000E+00
23:40:00,6.344891E-02,1.140659E+03,4.028279E-01,3.768279E+03,7.119036E+02,9.634036E-02,5.605208E+03,6.344891E-02,0.000000E+00,0.000000E+00,4.809838E-02,8.646930E+02,3.068097E-01,2.870071E+03,5.422140E+02,2.612903E-01,1.520221E+04,4.809838E-02,0.000000E+00,0.000000E+00,2.853258E-02,5.129470E+02,1.845757E-01,1.726625E+03,3.261942E+02,1.633086E-01,9.501509E+03,2.853258E-02,0.000000E+00,0.000000E+00,4.809838E-02,8.646930E+02,3.064910E-01,2.867089E+03,5.416507E+02,2.626503E-01,1.528134E+04,4.809838E-02,0.000000E+00,0.000000E+00,2.853258E-02,5.129470E+02,1.972229E-01,1.844934E+03,3.485451E+02,1.633086E-01,9.501509E+03,2.853258E-02,0.000000E+00,0.000000E+00
23:50:00,6.344891E-02,1.151667E+03,4.019844E-01,3.690642E+03,6.397037E+02,9.634066E-02,5.605226E+03,6.344891E-02,0.000000E+00,0.000000E+00,4.809838E-02,8.730384E+02,3.046286E-01,2.796813E+03,4.847752E+02,2.612912E-01,1.520226E+04,4.809838E-02,0.000000E+00,0.000000E+00,2.853258E-02,5.178976E+02,1.831286E-01,1.681314E+03,2.914244E+02,1.633092E-01,9.501543E+03,2.853258E-02,0.000000E+00,0.000000E+00,4.809838E-02,8.730384E+02,3.042734E-01,2.793551E+03,4.842099E+02,2.626511E-01,1.528139E+04,4.809838E-02,0.000000E+00,0.000000E+00,2.853258E-02,5.178976E+02,1.951923E-01,1.792072E+03,3.106221E+02,1.633092E-01,9.501543E+03,2.853258E-02,0.000000E+00,0.000000E+00
24:00:00,6.344891E-02,1.162676E+03,4.011917E-01,3.613755E+03,5.678735E+02,9.634094E-02,5.605242E+03,6.344891E-02,0.000000E+00,0.000000E+00,4.809838E-02,8.813837E+02,3.025114E-01,2.724887E+03,4.281948E+02,2.612920E-01,1.520231E+04,4.809838E-02,0.000000E+00,0.000000E+00,2.853258E-02,5.228482E+02,1.817223E-01,1.636874E+03,2.572219E+02,1.633097E-01,9.501575E+03,2.853258E-02,0.000000E+00,0.000000E+00,4.809838E-02,8.813837E+02,3.021243E-01,2.721400E+03,4.276468E+02,2.626520E-01,1.528144E+04,4.809838E-02,0.000000E+00,0.000000E+00,2.853258E-02,5.228482E+02,1.932392E-01,1.740612E+03,2.735237E+02,1.633097E-01,9.501575E+03,2.853258E-02,0.000000E+00,0.000000E+00
Coinc Peak   ,9.634688E-02,4.911986E-01,5.605588E+03,9.684140E+03,2.613089E-01,4.830127E-01,1.520329E+04,1.024109E+04,1.633210E-01,3.651879E-01,9.502231E+03,5.217468E+03,2.626693E-01,4.537634E-01,1.528245E+04,9.418477E+03,1.633210E-01,4.226832E-01,9.502231E+03,7.872357E+03
NonCoinc Peak,9.634688E-02,4.911986E-01,5.605588E+03,9.684140E+03,2.613089E-01,4.830127E-01,1.520329E+04,1.024109E+04,1.633210E-01,3.651879E-01,9.502231E+03,5.217468E+03,2.626693E-01,4.537634E-01,1.528245E+04,9.418477E+03,1.633210E-01,4.226832E-01,9.502231E+03,7.872357E+03
