{
  "Add Batteries and PV": {
    "batt_storage_capacity": 1680000000.0,
    "batt_discharge_power": 50000.0,
    "batt_charge_power": 30000.0,
    "batt_initial_charge": 1000000000.0,
    "pv_total_power": 40000.0,
    "parallel_modules": 5,
    "series_modules": 10,
    "pv_len": 26.0,
    "pv_wid": 10.0,
    "applicable": true
  },
  "OpenStudio Results": {
    "units": "SI",
    "building_summary_section": true,
    "annual_overview_section": true,
    "monthly_overview_section": true,
    "utility_bills_rates_section": true,
    "envelope_section_section": true,
    "space_type_breakdown_section": true,
    "space_type_details_section": true,
    "interior_lighting_section": true,
    "plug_loads_section": true,
    "exterior_light_section": true,
    "water_use_section": true,
    "hvac_load_profile": true,
    "zone_condition_section": true,
    "zone_summary_section": true,
    "zone_equipment_detail_section": true,
    "air_loops_detail_section": true,
    "plant_loops_detail_section": true,
    "outdoor_air_section": true,
    "cost_summary_section": true,
    "source_energy_section": true,
    "schedules_overview_section": true,
    "measure_warning_section": true,
    "reg_monthly_details": false,
    "standards_gem_version": "0.2.15",
    "workflow_gem_version": "2.3.1",
    "building_name": "n/a",
    "total_site_energy": 81344.44444444445,
    "net_site_energy": 27716.666666666668,
    "total_building_area": 511.16,
    "total_site_eui": 159.13695211762354,
    "eui": 54.223074314630765,
    "unmet_hours_during_heating": 9.67,
    "unmet_hours_during_cooling": 0.0,
    "unmet_hours_during_occupied_heating": 9.67,
    "unmet_hours_during_occupied_cooling": 0.0,
    "unmet_hours_tolerance_heating": 0.2,
    "unmet_hours_tolerance_cooling": 0.2,
    "end_use_heating": 6100.0,
    "end_use_cooling": 7136.111111111111,
    "end_use_interior_lighting": 25619.444444444445,
    "end_use_exterior_lighting": 1577.7777777777778,
    "end_use_interior_equipment": 26788.888888888887,
    "end_use_exterior_equipment": 0.0,
    "end_use_fans": 14119.444444444443,
    "end_use_pumps": 0.0,
    "end_use_heat_rejection": 0.0,
    "end_use_humidification": 0.0,
    "end_use_heat_recovery": 0.0,
    "end_use_water_systems": 0.0,
    "end_use_refrigeration": 0.0,
    "end_use_generators": 0.0,
    "fuel_electricity": 277558.7655125518,
    "fuel_natural_gas": 0.0,
    "fuel_gasoline": 0.0,
    "fuel_diesel": 0.0,
    "fuel_coal": 0.0,
    "fuel_fuel_oil_no_1": 0.0,
    "fuel_fuel_oil_no_2": 0.0,
    "fuel_propane": 0.0,
    "fuel_other_fuel_1": 0.0,
    "fuel_other_fuel_2": 0.0,
    "fuel_district_cooling": 0.0,
    "fuel_district_heating": 0.0,
    "end_use_electricity_heating": 6100.0,
    "end_use_electricity_cooling": 7136.111111111111,
    "end_use_electricity_interior_lighting": 25619.444444444445,
    "end_use_electricity_exterior_lighting": 1577.7777777777778,
    "end_use_electricity_interior_equipment": 26788.888888888887,
    "end_use_electricity_exterior_equipment": 0.0,
    "end_use_electricity_fans": 14119.444444444443,
    "end_use_electricity_pumps": 0.0,
    "end_use_electricity_heat_rejection": 0.0,
    "end_use_electricity_humidification": 0.0,
    "end_use_electricity_heat_recovery": 0.0,
    "end_use_electricity_water_systems": 0.0,
    "end_use_electricity_refrigeration": 0.0,
    "end_use_electricity_generators": 0.0,
    "end_use_natural_gas_heating": 0.0,
    "end_use_natural_gas_cooling": 0.0,
    "end_use_natural_gas_interior_lighting": 0.0,
    "end_use_natural_gas_exterior_lighting": 0.0,
    "end_use_natural_gas_interior_equipment": 0.0,
    "end_use_natural_gas_exterior_equipment": 0.0,
    "end_use_natural_gas_fans": 0.0,
    "end_use_natural_gas_pumps": 0.0,
    "end_use_natural_gas_heat_rejection": 0.0,
    "end_use_natural_gas_humidification": 0.0,
    "end_use_natural_gas_heat_recovery": 0.0,
    "end_use_natural_gas_water_systems": 0.0,
    "end_use_natural_gas_refrigeration": 0.0,
    "end_use_natural_gas_generators": 0.0,
    "electricity_heating_ip": 6100.508497933334,
    "electricity_cooling_ip": 7137.242222222222,
    "electricity_interior_lighting_ip": 25620.297222222223,
    "electricity_exterior_lighting_ip": 1578.6772222222223,
    "electricity_interior_equipment_ip": 26788.15,
    "electricity_exterior_equipment_ip": 0.0,
    "electricity_fans_ip": 14120.330555555556,
    "electricity_pumps_ip": 0.0,
    "electricity_heat_rejection_ip": 0.0,
    "electricity_humidification_ip": 0.0,
    "electricity_heat_recovery_ip": 0.0,
    "electricity_water_systems_ip": 0.0,
    "electricity_refrigeration_ip": 0.0,
    "electricity_generators_ip": 0.0,
    "electricity_ip": 81345.20572015556,
    "natural_gas_heating_ip": 0.0,
    "natural_gas_cooling_ip": 0.0,
    "natural_gas_interior_lighting_ip": 0.0,
    "natural_gas_exterior_lighting_ip": 0.0,
    "natural_gas_interior_equipment_ip": 0.0,
    "natural_gas_exterior_equipment_ip": 0.0,
    "natural_gas_fans_ip": 0.0,
    "natural_gas_pumps_ip": 0.0,
    "natural_gas_heat_rejection_ip": 0.0,
    "natural_gas_humidification_ip": 0.0,
    "natural_gas_heat_recovery_ip": 0.0,
    "natural_gas_water_systems_ip": 0.0,
    "natural_gas_refrigeration_ip": 0.0,
    "natural_gas_generators_ip": 0.0,
    "natural_gas_ip": 0.0,
    "gasoline_heating_ip": 0.0,
    "gasoline_cooling_ip": 0.0,
    "gasoline_interior_lighting_ip": 0.0,
    "gasoline_exterior_lighting_ip": 0.0,
    "gasoline_interior_equipment_ip": 0.0,
    "gasoline_exterior_equipment_ip": 0.0,
    "gasoline_fans_ip": 0.0,
    "gasoline_pumps_ip": 0.0,
    "gasoline_heat_rejection_ip": 0.0,
    "gasoline_humidification_ip": 0.0,
    "gasoline_heat_recovery_ip": 0.0,
    "gasoline_water_systems_ip": 0.0,
    "gasoline_refrigeration_ip": 0.0,
    "gasoline_generators_ip": 0.0,
    "gasoline_ip": 0.0,
    "diesel_heating_ip": 0.0,
    "diesel_cooling_ip": 0.0,
    "diesel_interior_lighting_ip": 0.0,
    "diesel_exterior_lighting_ip": 0.0,
    "diesel_interior_equipment_ip": 0.0,
    "diesel_exterior_equipment_ip": 0.0,
    "diesel_fans_ip": 0.0,
    "diesel_pumps_ip": 0.0,
    "diesel_heat_rejection_ip": 0.0,
    "diesel_humidification_ip": 0.0,
    "diesel_heat_recovery_ip": 0.0,
    "diesel_water_systems_ip": 0.0,
    "diesel_refrigeration_ip": 0.0,
    "diesel_generators_ip": 0.0,
    "diesel_ip": 0.0,
    "coal_heating_ip": 0.0,
    "coal_cooling_ip": 0.0,
    "coal_interior_lighting_ip": 0.0,
    "coal_exterior_lighting_ip": 0.0,
    "coal_interior_equipment_ip": 0.0,
    "coal_exterior_equipment_ip": 0.0,
    "coal_fans_ip": 0.0,
    "coal_pumps_ip": 0.0,
    "coal_heat_rejection_ip": 0.0,
    "coal_humidification_ip": 0.0,
    "coal_heat_recovery_ip": 0.0,
    "coal_water_systems_ip": 0.0,
    "coal_refrigeration_ip": 0.0,
    "coal_generators_ip": 0.0,
    "coal_ip": 0.0,
    "fuel_oil_no_1_heating_ip": 0.0,
    "fuel_oil_no_1_cooling_ip": 0.0,
    "fuel_oil_no_1_interior_lighting_ip": 0.0,
    "fuel_oil_no_1_exterior_lighting_ip": 0.0,
    "fuel_oil_no_1_interior_equipment_ip": 0.0,
    "fuel_oil_no_1_exterior_equipment_ip": 0.0,
    "fuel_oil_no_1_fans_ip": 0.0,
    "fuel_oil_no_1_pumps_ip": 0.0,
    "fuel_oil_no_1_heat_rejection_ip": 0.0,
    "fuel_oil_no_1_humidification_ip": 0.0,
    "fuel_oil_no_1_heat_recovery_ip": 0.0,
    "fuel_oil_no_1_water_systems_ip": 0.0,
    "fuel_oil_no_1_refrigeration_ip": 0.0,
    "fuel_oil_no_1_generators_ip": 0.0,
    "fuel_oil_no_1_ip": 0.0,
    "fuel_oil_no_2_heating_ip": 0.0,
    "fuel_oil_no_2_cooling_ip": 0.0,
    "fuel_oil_no_2_interior_lighting_ip": 0.0,
    "fuel_oil_no_2_exterior_lighting_ip": 0.0,
    "fuel_oil_no_2_interior_equipment_ip": 0.0,
    "fuel_oil_no_2_exterior_equipment_ip": 0.0,
    "fuel_oil_no_2_fans_ip": 0.0,
    "fuel_oil_no_2_pumps_ip": 0.0,
    "fuel_oil_no_2_heat_rejection_ip": 0.0,
    "fuel_oil_no_2_humidification_ip": 0.0,
    "fuel_oil_no_2_heat_recovery_ip": 0.0,
    "fuel_oil_no_2_water_systems_ip": 0.0,
    "fuel_oil_no_2_refrigeration_ip": 0.0,
    "fuel_oil_no_2_generators_ip": 0.0,
    "fuel_oil_no_2_ip": 0.0,
    "propane_heating_ip": 0.0,
    "propane_cooling_ip": 0.0,
    "propane_interior_lighting_ip": 0.0,
    "propane_exterior_lighting_ip": 0.0,
    "propane_interior_equipment_ip": 0.0,
    "propane_exterior_equipment_ip": 0.0,
    "propane_fans_ip": 0.0,
    "propane_pumps_ip": 0.0,
    "propane_heat_rejection_ip": 0.0,
    "propane_humidification_ip": 0.0,
    "propane_heat_recovery_ip": 0.0,
    "propane_water_systems_ip": 0.0,
    "propane_refrigeration_ip": 0.0,
    "propane_generators_ip": 0.0,
    "propane_ip": 0.0,
    "other_fuel_1_heating_ip": 0.0,
    "other_fuel_1_cooling_ip": 0.0,
    "other_fuel_1_interior_lighting_ip": 0.0,
    "other_fuel_1_exterior_lighting_ip": 0.0,
    "other_fuel_1_interior_equipment_ip": 0.0,
    "other_fuel_1_exterior_equipment_ip": 0.0,
    "other_fuel_1_fans_ip": 0.0,
    "other_fuel_1_pumps_ip": 0.0,
    "other_fuel_1_heat_rejection_ip": 0.0,
    "other_fuel_1_humidification_ip": 0.0,
    "other_fuel_1_heat_recovery_ip": 0.0,
    "other_fuel_1_water_systems_ip": 0.0,
    "other_fuel_1_refrigeration_ip": 0.0,
    "other_fuel_1_generators_ip": 0.0,
    "other_fuel_1_ip": 0.0,
    "other_fuel_2_heating_ip": 0.0,
    "other_fuel_2_cooling_ip": 0.0,
    "other_fuel_2_interior_lighting_ip": 0.0,
    "other_fuel_2_exterior_lighting_ip": 0.0,
    "other_fuel_2_interior_equipment_ip": 0.0,
    "other_fuel_2_exterior_equipment_ip": 0.0,
    "other_fuel_2_fans_ip": 0.0,
    "other_fuel_2_pumps_ip": 0.0,
    "other_fuel_2_heat_rejection_ip": 0.0,
    "other_fuel_2_humidification_ip": 0.0,
    "other_fuel_2_heat_recovery_ip": 0.0,
    "other_fuel_2_water_systems_ip": 0.0,
    "other_fuel_2_refrigeration_ip": 0.0,
    "other_fuel_2_generators_ip": 0.0,
    "other_fuel_2_ip": 0.0,
    "district_cooling_heating_ip": 0.0,
    "district_cooling_cooling_ip": 0.0,
    "district_cooling_interior_lighting_ip": 0.0,
    "district_cooling_exterior_lighting_ip": 0.0,
    "district_cooling_interior_equipment_ip": 0.0,
    "district_cooling_exterior_equipment_ip": 0.0,
    "district_cooling_fans_ip": 0.0,
    "district_cooling_pumps_ip": 0.0,
    "district_cooling_heat_rejection_ip": 0.0,
    "district_cooling_humidification_ip": 0.0,
    "district_cooling_heat_recovery_ip": 0.0,
    "district_cooling_water_systems_ip": 0.0,
    "district_cooling_refrigeration_ip": 0.0,
    "district_cooling_generators_ip": 0.0,
    "district_cooling_ip": 0.0,
    "district_heating_heating_ip": 0.0,
    "district_heating_cooling_ip": 0.0,
    "district_heating_interior_lighting_ip": 0.0,
    "district_heating_exterior_lighting_ip": 0.0,
    "district_heating_interior_equipment_ip": 0.0,
    "district_heating_exterior_equipment_ip": 0.0,
    "district_heating_fans_ip": 0.0,
    "district_heating_pumps_ip": 0.0,
    "district_heating_heat_rejection_ip": 0.0,
    "district_heating_humidification_ip": 0.0,
    "district_heating_heat_recovery_ip": 0.0,
    "district_heating_water_systems_ip": 0.0,
    "district_heating_refrigeration_ip": 0.0,
    "district_heating_generators_ip": 0.0,
    "district_heating_ip": 0.0,
    "attic_roof_deck": 598.7616811798497,
    "ext_soffit_floor": 56.8199999999999,
    "nonres_ext_wall": 217.92945231999997,
    "swinging_door_con": 3.9019276799999947,
    "window_u_0_38_shgc_0_38": 59.68361999999999,
    "gross_window_wall_ratio": 21.2,
    "gross_window_wall_ratio_conditioned": 21.2,
    "skylight_roof_ratio": 0.0,
    "space_type_189_1_2009_office_whole_building_sm_office_cz_1_3": 511.1574000000001,
    "zone_max_hours_over_70_rh": 2736.0,
    "zone_max_hours_over_55_rh": 3871.0,
    "num_zones_x_hours_over_70": 1,
    "num_zones_x_hours_over_55": 6,
    "inflation_approach": "Constant Dollar",
    "analysis_length": 25,
    "number_of_measures_with_warnings": 0,
    "number_warnings": 0,
    "annual_peak_electric_demand": 48.513760000000005,
    "first_year_capital_cost": 0.0,
    "annual_utility_cost": 0.0,
    "total_lifecycle_cost": 0.0,
    "applicable": true
  }
}